collateral,chain,borrow_market,borrow_asset,borrow_apy,borrow_cost_apy,collateral_yield_apy,venue,venue_protocol,venue_category,venue_yield_apy,loop_market,loop_borrow_cost_apy,utilization_of_max_ltv,loops,leverage,debt_usd,net_apy,annual_profit_usd,baseline,baseline_apy,excess_vs_baseline_pp,risk_adjusted_apy,baseline_risk_adjusted_apy,stress_apy_spread_minus_2pp,p5_apy,health_factor,step_health_factor,liquidation_buffer,p_liquidation_1y,liq_loss_apy,protocol_loss_apy,spread_risk_apy,cost_apy,manual_loops,manual_leverage,manual_health_factor,manual_net_apy,manual_risk_adjusted_apy
USDC,Monad,Aave v3 Monad,AUSD,3.02,3.02,4.974,Lend USDC on aave-v3,aave-v3,Lending,4.974,same account,3.02,0.96,8,3.386,23857.19,9.482,948.17,morpho-blue ROXCUSDC vault [Ethereum],8.361,1.121,7.953,6.815,4.71,-4.563,1.107,1.083,9.7% depeg,0.0,0.0,0.8,0.729,0.152,24,3.997,1.04,10.623,8.481
WETH,Monad,Aave v3 Monad,AUSD,3.02,3.02,2.66,Lend USDC on aave-v3,aave-v3,Lending,4.974,same account,3.02,0.8,2,2.03,10304.0,4.608,460.78,Stake WETH -> WEETH (ether.fi-stake) [Ethereum],2.243,2.365,3.333,2.078,2.547,-1.458,1.595,1.303,"73% price, 76.3% depeg",0.0439,0.339,0.8,0.136,0.065,24,4.217,1.041,8.725,-12.51
WETH,Monad,Aave v3 Monad,AUSD,3.02,3.02,2.66,morpho-blue HYPERUSDCA vault,morpho-blue,Vault,6.92,not re-posted (single borrow),,0.4,1,1.322,3220.0,3.894,389.45,Stake WETH -> WEETH (ether.fi-stake) [Ethereum],2.243,1.651,2.911,2.078,3.25,1.999,2.609,2.609,62% price,0.1402,0.248,0.722,0.013,0.021,1,1.805,1.043,5.749,0.265
WSTETH,Ethereum,Aave v3 Ethereum [E-mode: ETH correlated],WETH,1.966,1.966,2.252,Stake WETH -> WEETH (ether.fi-stake),ether.fi-stake,Liquid Staking,2.323,same account,1.966,1.0,8,6.851,58512.7,3.78,377.99,Hold WSTETH (lido yield),2.252,1.528,2.662,2.086,-7.923,-3.438,1.112,1.022,10.1% depeg,0.0078,0.045,0.88,0.193,0.563,32,12.983,1.029,4.944,-2.383
WSTETH,Ethereum,morpho-blue WSTETH/USDT (86.0% LTV),USDT,3.169,3.169,2.252,sentora-curator USDC vault (Sentora USD),sentora-curator,Risk Curators,7.439,not re-posted (single borrow),,0.4,1,1.344,3440.0,3.64,364.0,Hold WSTETH (lido yield),2.252,1.388,2.624,2.086,2.952,2.588,2.5,2.5,60% price,0.1586,0.239,0.773,0.004,0.081,1,1.86,1.0,5.812,0.624
WETH,Monad,Aave v3 Monad,MUSD,4.019,4.019,2.66,morpho-blue HYPERUSDCA vault,morpho-blue,Vault,6.92,not re-posted (single borrow),,0.3,1,1.242,2415.0,3.344,334.41,Stake WETH -> WEETH (ether.fi-stake) [Ethereum],2.243,1.101,2.624,2.078,2.861,2.111,3.478,3.478,71% price,0.0551,0.073,0.642,0.006,0.016,1,1.805,1.043,4.945,-0.519
WETH,Monad,Aave v3 Monad,GHO,4.148,4.148,2.66,morpho-blue HYPERUSDCA vault,morpho-blue,Vault,6.92,not re-posted (single borrow),,0.3,1,1.242,2415.0,3.313,331.31,Stake WETH -> WEETH (ether.fi-stake) [Ethereum],2.243,1.07,2.584,2.078,2.83,1.34,3.478,3.478,71% price,0.0551,0.073,0.642,0.014,0.016,1,1.805,1.043,4.842,-0.719
WSTETH,Ethereum,Compound v3 WETH market,WETH,1.9,1.9,2.252,Stake WETH -> WEETH (ether.fi-stake),ether.fi-stake,Liquid Staking,2.323,same account,1.9,1.0,8,6.126,51257.95,3.895,389.5,Hold WSTETH (lido yield),2.252,1.643,2.576,2.086,-6.357,-3.464,1.135,1.056,11.9% depeg,0.0015,0.039,1.08,0.2,0.526,23,9.202,1.066,4.593,-1.552
WSTETH,Ethereum,sparklend,RLUSD,3.901,3.901,2.252,morpho-blue ROXCUSDC vault,morpho-blue,Vault,8.391,not re-posted (single borrow),,0.4,1,1.332,3320.0,3.663,366.26,Hold WSTETH (lido yield),2.252,1.411,2.553,2.086,2.999,1.745,2.59,2.59,61% price,0.1431,0.238,0.858,0.014,0.08,1,1.83,1.036,5.868,0.209
WETH,Monad,Aave v3 Monad,AUSD,3.02,3.02,2.66,Lend USDC on aave-v3,aave-v3,Lending,4.974,not re-posted (single borrow),,0.3,1,1.242,2415.0,3.115,311.52,Stake WETH -> WEETH (ether.fi-stake) [Ethereum],2.243,0.872,2.538,2.078,2.632,1.693,3.478,3.478,71% price,0.0551,0.073,0.497,0.007,0.016,1,1.805,1.043,4.182,-0.819
WSTETH,Ethereum,sparklend,USDT,3.97,3.97,2.252,morpho-blue ROXCUSDC vault,morpho-blue,Vault,8.391,not re-posted (single borrow),,0.4,1,1.332,3320.0,3.64,363.98,Hold WSTETH (lido yield),2.252,1.388,2.537,2.086,2.976,2.223,2.59,2.59,61% price,0.1431,0.238,0.858,0.007,0.08,1,1.83,1.036,5.812,0.191
WSTETH,Ethereum,Aave v3 Ethereum [E-mode: ETH correlated],WETH,1.966,1.966,2.252,Stake WETH -> CBETH (coinbase-wrapped-staked-eth),coinbase-wrapped-staked-eth,Liquid Staking,2.351,same account,1.966,1.0,8,6.851,58512.7,3.943,394.32,Hold WSTETH (lido yield),2.252,1.691,2.505,2.086,-7.759,-3.275,1.112,1.022,10.1% depeg,0.0078,0.045,1.2,0.193,0.563,33,13.074,1.029,5.279,-2.532
WSTETH,Ethereum,sparklend,USDT,3.97,3.97,2.252,morpho-blue FCUSDT vault,morpho-blue,Vault,8.187,not re-posted (single borrow),,0.4,1,1.332,3320.0,3.592,359.21,Hold WSTETH (lido yield),2.252,1.34,2.489,2.086,2.928,2.175,2.59,2.59,61% price,0.1431,0.238,0.858,0.007,0.06,1,1.83,1.036,5.692,0.072
WSTETH,Ethereum,sparklend,RLUSD,3.901,3.901,2.252,morpho-blue FCUSDT vault,morpho-blue,Vault,8.187,not re-posted (single borrow),,0.4,1,1.332,3320.0,3.595,359.49,Hold WSTETH (lido yield),2.252,1.343,2.486,2.086,2.931,1.678,2.59,2.59,61% price,0.1431,0.238,0.858,0.014,0.08,1,1.83,1.036,5.699,0.04
WETH,Monad,Aave v3 Monad,USDT0,4.598,4.598,2.66,morpho-blue HYPERUSDCA vault,morpho-blue,Vault,6.92,not re-posted (single borrow),,0.3,1,1.242,2415.0,3.204,320.44,Stake WETH -> WEETH (ether.fi-stake) [Ethereum],2.243,0.961,2.482,2.078,2.721,1.732,3.478,3.478,71% price,0.0551,0.073,0.642,0.008,0.016,1,1.805,1.043,4.479,-1.011
WSTETH,Ethereum,Compound v3 USDT market,USDT,3.984,3.984,2.252,morpho-blue ROXCUSDC vault,morpho-blue,Vault,8.391,not re-posted (single borrow),,0.4,1,1.328,3280.0,3.618,361.78,Hold WSTETH (lido yield),2.252,1.366,2.44,2.086,2.962,2.243,2.652,2.652,62% price,0.1334,0.219,0.952,0.007,0.08,1,1.82,1.061,5.756,0.22
WSTETH,Ethereum,sparklend,PYUSD,4.282,4.282,2.252,morpho-blue ROXCUSDC vault,morpho-blue,Vault,8.391,not re-posted (single borrow),,0.4,1,1.332,3320.0,3.536,353.61,Hold WSTETH (lido yield),2.252,1.284,2.435,2.086,2.872,2.37,2.59,2.59,61% price,0.1431,0.238,0.858,0.005,0.08,1,1.83,1.036,5.552,-0.053
WSTETH,Ethereum,dolomite,WETH,1.684,1.684,2.252,Stake WETH -> WEETH (ether.fi-stake),ether.fi-stake,Liquid Staking,2.323,same account,1.684,1.0,6,4.171,31706.36,3.911,391.06,Hold WSTETH (lido yield),2.252,1.659,2.425,2.086,-2.431,-1.845,1.118,1.037,10.6% depeg,0.0053,0.083,1.28,0.122,0.369,15,5.323,1.047,4.32,-2.696
WSTETH,Ethereum,sparklend,USDS,4.319,4.319,2.252,morpho-blue ROXCUSDC vault,morpho-blue,Vault,8.391,not re-posted (single borrow),,0.4,1,1.332,3320.0,3.524,352.39,Hold WSTETH (lido yield),2.252,1.272,2.423,2.086,2.86,2.358,2.59,2.59,61% price,0.1431,0.238,0.858,0.005,0.08,1,1.83,1.036,5.522,-0.084
WSTETH,Ethereum,Aave v3 EthereumLido,GHO,4.173,4.173,2.287,morpho-blue ROXCUSDC vault,morpho-blue,Vault,8.391,not re-posted (single borrow),,0.3,1,1.246,2460.0,3.249,324.92,Hold WSTETH (lido yield),2.252,0.997,2.42,2.086,2.757,1.673,3.374,3.374,70% price,0.0614,0.091,0.729,0.009,0.075,1,1.82,1.012,5.636,-0.903
WETH,Monad,Aave v3 Monad,MUSD,4.019,4.019,2.66,Lend USDC on aave-v3,aave-v3,Lending,4.974,same account,4.019,1.0,1,1.805,8050.0,3.378,337.8,Stake WETH -> WEETH (ether.fi-stake) [Ethereum],2.243,1.135,2.415,2.078,1.768,-0.733,1.823,1.043,79% price,0.0166,0.1,0.8,0.062,0.05,23,4.216,1.041,5.512,-15.73
WSTETH,Ethereum,Aave v3 Ethereum [E-mode: ETH correlated],WETH,1.966,1.966,2.252,Stake WETH -> WSTETH (lido),lido,Liquid Staking,2.252,same account,1.966,1.0,8,6.851,58512.7,3.364,336.41,Hold WSTETH (lido yield),2.252,1.112,2.406,2.086,-8.338,-3.854,1.112,1.022,10.1% depeg,0.0078,0.045,0.72,0.193,0.563,28,12.544,1.032,4.109,-2.289
WETH,Monad,Aave v3 Monad,USDC,4.996,4.996,2.66,morpho-blue HYPERUSDCA vault,morpho-blue,Vault,6.92,not re-posted (single borrow),,0.3,1,1.242,2415.0,3.123,312.26,Stake WETH -> WEETH (ether.fi-stake) [Ethereum],2.243,0.879,2.403,2.078,2.64,1.998,3.478,3.478,71% price,0.0551,0.073,0.642,0.005,0.002,1,1.805,1.043,4.207,-1.246
WSTETH,Ethereum,sparklend,USDC,4.369,4.369,2.252,morpho-blue ROXCUSDC vault,morpho-blue,Vault,8.391,not re-posted (single borrow),,0.4,1,1.332,3320.0,3.527,352.73,Hold WSTETH (lido yield),2.252,1.275,2.403,2.086,2.863,0.734,2.59,2.59,61% price,0.1431,0.238,0.858,0.029,0.06,1,1.83,1.036,5.53,-0.224
WSTETH,Ethereum,Compound v3 WETH market,WETH,1.9,1.9,2.252,Stake WETH -> CBETH (coinbase-wrapped-staked-eth),coinbase-wrapped-staked-eth,Liquid Staking,2.351,same account,1.9,1.0,8,6.126,51257.95,4.037,403.74,Hold WSTETH (lido yield),2.252,1.785,2.399,2.086,-6.214,-3.322,1.135,1.056,11.9% depeg,0.0015,0.039,1.4,0.2,0.526,24,9.282,1.065,4.823,-1.945
WSTETH,Ethereum,Compound v3 USDT market,USDT,3.984,3.984,2.252,morpho-blue FCUSDT vault,morpho-blue,Vault,8.187,not re-posted (single borrow),,0.4,1,1.328,3280.0,3.571,357.06,Hold WSTETH (lido yield),2.252,1.319,2.393,2.086,2.915,2.196,2.652,2.652,62% price,0.1334,0.219,0.952,0.007,0.06,1,1.82,1.061,5.639,0.102
WSTETH,Ethereum,sparklend,DAI,4.436,4.436,2.252,morpho-blue ROXCUSDC vault,morpho-blue,Vault,8.391,not re-posted (single borrow),,0.4,1,1.332,3320.0,3.485,348.49,Hold WSTETH (lido yield),2.252,1.233,2.384,2.086,2.821,2.319,2.59,2.59,61% price,0.1431,0.238,0.858,0.005,0.08,1,1.83,1.036,5.424,-0.181
WSTETH,Ethereum,Compound v3 WETH market,WETH,1.9,1.9,2.252,Stake WETH -> WSTETH (lido),lido,Liquid Staking,2.252,same account,1.9,1.0,8,6.126,51257.95,3.529,352.95,Hold WSTETH (lido yield),2.252,1.278,2.371,2.086,-6.722,-3.83,1.135,1.056,11.9% depeg,0.0015,0.039,0.92,0.2,0.526,21,9.015,1.069,4.012,-1.306
WSTETH,Ethereum,Aave v3 Ethereum [E-mode: ETH correlated],WETH,1.966,1.966,2.252,Stake WETH -> WEETH (ether.fi-stake),ether.fi-stake,Liquid Staking,2.323,Aave v3 Ethereum [E-mode: weETH/wstETH ETH Correlated] (WETH 1.97%),1.966,0.92,12,6.013,50132.96,3.402,340.25,Hold WSTETH (lido yield),2.252,1.15,2.371,2.086,-6.624,-2.782,1.11,1.11,"9.9% depeg, 12.7% depeg",0.0096,0.01,0.88,0.141,0.641,32,12.983,1.022,4.944,-2.392
WSTETH,Ethereum,Aave v3 EthereumLido,GHO,4.173,4.173,2.287,morpho-blue FCUSDT vault,morpho-blue,Vault,8.187,not re-posted (single borrow),,0.3,1,1.246,2460.0,3.199,319.91,Hold WSTETH (lido yield),2.252,0.947,2.37,2.086,2.707,1.623,3.374,3.374,70% price,0.0614,0.091,0.729,0.009,0.075,1,1.82,1.012,5.468,-1.07
WSTETH,Ethereum,sparklend,PYUSD,4.282,4.282,2.252,morpho-blue FCUSDT vault,morpho-blue,Vault,8.187,not re-posted (single borrow),,0.4,1,1.332,3320.0,3.468,346.84,Hold WSTETH (lido yield),2.252,1.216,2.367,2.086,2.804,2.169,2.59,2.59,61% price,0.1431,0.238,0.858,0.006,0.08,1,1.83,1.036,5.383,-0.23
WSTETH,Ethereum,dolomite,WETH,1.684,1.684,2.252,Stake WETH -> WSTETH (lido),lido,Liquid Staking,2.252,same account,1.684,1.0,6,4.171,31706.36,3.685,368.45,Hold WSTETH (lido yield),2.252,1.433,2.359,2.086,-2.657,-2.071,1.118,1.037,10.6% depeg,0.0053,0.083,1.12,0.122,0.369,14,5.272,1.049,4.015,-2.287
WSTETH,Ethereum,Aave v3 EthereumLido,USDC,4.343,4.343,2.287,morpho-blue ROXCUSDC vault,morpho-blue,Vault,8.391,not re-posted (single borrow),,0.3,1,1.246,2460.0,3.222,322.24,Hold WSTETH (lido yield),2.252,0.97,2.358,2.086,2.73,-0.27,3.374,3.374,70% price,0.0614,0.091,0.729,0.045,0.06,1,1.82,1.012,5.546,-1.392
WSTETH,Ethereum,sparklend,USDS,4.319,4.319,2.252,morpho-blue FCUSDT vault,morpho-blue,Vault,8.187,not re-posted (single borrow),,0.4,1,1.332,3320.0,3.456,345.62,Hold WSTETH (lido yield),2.252,1.204,2.354,2.086,2.792,2.156,2.59,2.59,61% price,0.1431,0.238,0.858,0.006,0.08,1,1.83,1.036,5.353,-0.261
WETH,Monad,Aave v3 Monad,AUSD,3.02,3.02,2.66,Lend MUSD on aave-v3,aave-v3,Lending,4.099,not re-posted (single borrow),,0.2,1,1.161,1610.0,2.822,282.2,Stake WETH -> WEETH (ether.fi-stake) [Ethereum],2.243,0.579,2.345,2.078,2.5,1.874,5.217,5.217,81% price,0.011,0.01,0.464,0.003,0.012,1,1.805,1.043,3.478,-1.523
WSTETH,Ethereum,sparklend,RLUSD,3.901,3.901,2.252,sentora-curator USDC vault (Sentora USD),sentora-curator,Risk Curators,7.439,not re-posted (single borrow),,0.4,1,1.332,3320.0,3.346,334.64,Hold WSTETH (lido yield),2.252,1.094,2.337,2.086,2.682,1.429,2.59,2.59,61% price,0.1431,0.238,0.758,0.014,0.08,1,1.83,1.036,5.078,-0.332
WSTETH,Ethereum,Aave v3 Ethereum,USDT,4.368,4.368,2.252,morpho-blue ROXCUSDC vault,morpho-blue,Vault,8.391,not re-posted (single borrow),,0.3,1,1.236,2355.0,3.126,312.55,Hold WSTETH (lido yield),2.252,0.874,2.329,2.086,2.655,2.299,3.439,3.439,71% price,0.0574,0.081,0.713,0.003,0.074,1,1.785,1.032,5.303,-0.791
WSTETH,Ethereum,Aave v3 Ethereum [E-mode: syrupUSDT Stablecoins],USDT,4.368,4.368,2.252,morpho-blue ROXCUSDC vault,morpho-blue,Vault,8.391,not re-posted (single borrow),,0.3,1,1.236,2355.0,3.126,312.55,Hold WSTETH (lido yield),2.252,0.874,2.329,2.086,2.655,2.299,3.439,3.439,71% price,0.0574,0.081,0.713,0.003,0.074,1,1.785,1.032,5.303,-0.791
WETH,Monad,Aave v3 Monad,MUSD,4.019,4.019,2.66,Lend USDC on aave-v3,aave-v3,Lending,4.974,not re-posted (single borrow),,0.2,1,1.161,1610.0,2.802,280.2,Stake WETH -> WEETH (ether.fi-stake) [Ethereum],2.243,0.559,2.325,2.078,2.48,1.98,5.217,5.217,81% price,0.011,0.01,0.464,0.002,0.012,1,1.805,1.043,3.378,-1.603
WSTETH,Ethereum,sparklend,USDT,3.97,3.97,2.252,sentora-curator USDC vault (Sentora USD),sentora-curator,Risk Curators,7.439,not re-posted (single borrow),,0.4,1,1.332,3320.0,3.324,332.37,Hold WSTETH (lido yield),2.252,1.072,2.32,2.086,2.66,1.907,2.59,2.59,61% price,0.1431,0.238,0.758,0.007,0.08,1,1.83,1.036,5.021,-0.35
WSTETH,Ethereum,sparklend,DAI,4.436,4.436,2.252,morpho-blue FCUSDT vault,morpho-blue,Vault,8.187,not re-posted (single borrow),,0.4,1,1.332,3320.0,3.417,341.72,Hold WSTETH (lido yield),2.252,1.165,2.315,2.086,2.753,2.117,2.59,2.59,61% price,0.1431,0.238,0.858,0.006,0.08,1,1.83,1.036,5.255,-0.358
WSTETH,Ethereum,sparklend,USDC,4.369,4.369,2.252,morpho-blue FCUSDT vault,morpho-blue,Vault,8.187,not re-posted (single borrow),,0.4,1,1.332,3320.0,3.44,343.97,Hold WSTETH (lido yield),2.252,1.188,2.315,2.086,2.776,0.646,2.59,2.59,61% price,0.1431,0.238,0.858,0.029,0.08,1,1.83,1.036,5.311,-0.443
WSTETH,Ethereum,morpho-blue WSTETH/WETH (96.5% LTV),WETH,1.924,1.924,2.252,Stake WETH -> WSTETH (lido),lido,Liquid Staking,2.252,same account,1.924,0.98,8,7.274,62737.57,3.726,372.64,Hold WSTETH (lido yield),2.252,1.474,2.313,2.086,-8.821,-9.638,1.119,1.02,10.6% depeg,0.005,0.033,0.72,0.66,0.584,50,23.928,1.007,7.097,-23.359
WSTETH,Ethereum,Aave v3 Ethereum [E-mode: weETH/wstETH ETH Correlated],WETH,1.966,1.966,2.252,Stake WETH -> WEETH (ether.fi-stake),ether.fi-stake,Liquid Staking,2.323,same account,1.966,0.98,8,5.549,45491.89,3.38,337.99,Hold WSTETH (lido yield),2.252,1.128,2.313,2.086,-5.719,-2.232,1.128,1.044,11.4% depeg,0.0026,0.071,0.88,0.116,0.497,29,10.847,1.032,4.378,-22.299
WETH,Monad,Aave v3 Monad,GHO,4.148,4.148,2.66,Lend USDC on aave-v3,aave-v3,Lending,4.974,not re-posted (single borrow),,0.2,1,1.161,1610.0,2.781,278.13,Stake WETH -> WEETH (ether.fi-stake) [Ethereum],2.243,0.538,2.301,2.078,2.459,1.466,5.217,5.217,81% price,0.011,0.01,0.464,0.006,0.012,1,1.805,1.043,3.275,-1.804
WSTETH,Ethereum,Aave v3 Ethereum,GHO,4.5,4.5,2.252,morpho-blue ROXCUSDC vault,morpho-blue,Vault,8.391,not re-posted (single borrow),,0.3,1,1.236,2355.0,3.094,309.44,Hold WSTETH (lido yield),2.252,0.842,2.298,2.086,2.623,2.267,3.439,3.439,71% price,0.0574,0.081,0.713,0.003,0.074,1,1.785,1.032,5.199,-0.895
WSTETH,Ethereum,Aave v3 Ethereum [E-mode: syrupUSDT Stablecoins],GHO,4.5,4.5,2.252,morpho-blue ROXCUSDC vault,morpho-blue,Vault,8.391,not re-posted (single borrow),,0.3,1,1.236,2355.0,3.094,309.44,Hold WSTETH (lido yield),2.252,0.842,2.298,2.086,2.623,2.267,3.439,3.439,71% price,0.0574,0.081,0.713,0.003,0.074,1,1.785,1.032,5.199,-0.895
WSTETH,Polygon,Aave v3 Polygon [E-mode: ETH correlated],WETH,1.825,1.825,2.252,Buy WSTETH (lido) on Polygon,lido,Liquid Staking,2.252,same account,1.825,0.98,10,6.345,53451.02,3.997,399.72,Hold WSTETH (lido yield),2.252,1.745,2.297,2.086,-6.693,-5.14,1.104,1.054,9.4% depeg,0.0134,0.072,1.32,0.309,0.539,50,9.954,1.034,5.162,-0.65
WSTETH,Ethereum,Aave v3 Ethereum,USDT,4.368,4.368,2.252,morpho-blue FCUSDT vault,morpho-blue,Vault,8.187,not re-posted (single borrow),,0.3,1,1.236,2355.0,3.092,309.16,Hold WSTETH (lido yield),2.252,0.84,2.294,2.086,2.621,2.17,3.439,3.439,71% price,0.0574,0.081,0.713,0.003,0.06,1,1.785,1.032,5.19,-0.911
WSTETH,Ethereum,Aave v3 Ethereum [E-mode: syrupUSDT Stablecoins],USDT,4.368,4.368,2.252,morpho-blue FCUSDT vault,morpho-blue,Vault,8.187,not re-posted (single borrow),,0.3,1,1.236,2355.0,3.092,309.16,Hold WSTETH (lido yield),2.252,0.84,2.294,2.086,2.621,2.17,3.439,3.439,71% price,0.0574,0.081,0.713,0.003,0.06,1,1.785,1.032,5.19,-0.911
WSTETH,Ethereum,Aave v3 EthereumLido,USDC,4.343,4.343,2.287,morpho-blue FCUSDT vault,morpho-blue,Vault,8.187,not re-posted (single borrow),,0.3,1,1.246,2460.0,3.157,315.74,Hold WSTETH (lido yield),2.252,0.905,2.293,2.086,2.665,-0.335,3.374,3.374,70% price,0.0614,0.091,0.729,0.045,0.075,1,1.82,1.012,5.33,-1.608
WSTETH,Ethereum,Aave v3 Ethereum,USDC,4.598,4.598,2.252,morpho-blue ROXCUSDC vault,morpho-blue,Vault,8.391,not re-posted (single borrow),,0.3,1,1.236,2355.0,3.085,308.54,Hold WSTETH (lido yield),2.252,0.833,2.289,2.086,2.614,2.258,3.439,3.439,71% price,0.0574,0.081,0.713,0.003,0.06,1,1.785,1.032,5.169,-0.925
WSTETH,Ethereum,Aave v3 EthereumLido,GHO,4.173,4.173,2.287,sentora-curator USDC vault (Sentora USD),sentora-curator,Risk Curators,7.439,not re-posted (single borrow),,0.3,1,1.246,2460.0,3.015,301.5,Hold WSTETH (lido yield),2.252,0.763,2.26,2.086,2.523,1.439,3.374,3.374,70% price,0.0614,0.091,0.655,0.009,0.075,1,1.82,1.012,4.855,-1.438
WSTETH,Ethereum,Aave v3 Ethereum,GHO,4.5,4.5,2.252,morpho-blue FCUSDT vault,morpho-blue,Vault,8.187,not re-posted (single borrow),,0.3,1,1.236,2355.0,3.046,304.64,Hold WSTETH (lido yield),2.252,0.794,2.249,2.086,2.575,2.124,3.439,3.439,71% price,0.0574,0.081,0.713,0.003,0.074,1,1.785,1.032,5.039,-1.062
WSTETH,Ethereum,Aave v3 Ethereum [E-mode: syrupUSDT Stablecoins],GHO,4.5,4.5,2.252,morpho-blue FCUSDT vault,morpho-blue,Vault,8.187,not re-posted (single borrow),,0.3,1,1.236,2355.0,3.046,304.64,Hold WSTETH (lido yield),2.252,0.794,2.249,2.086,2.575,2.124,3.439,3.439,71% price,0.0574,0.081,0.713,0.003,0.074,1,1.785,1.032,5.039,-1.062
WETH,Monad,Aave v3 Monad,GHO,4.148,4.148,2.66,Lend USDC on aave-v3,aave-v3,Lending,4.974,same account,4.148,0.2,1,1.161,1610.0,2.781,278.13,Stake WETH -> WEETH (ether.fi-stake) [Ethereum],2.243,0.538,2.246,2.078,2.459,1.466,5.997,5.217,96% price,0.0,0.0,0.529,0.006,0.012,23,4.216,1.041,5.099,-17.345
WSTETH,Ethereum,sparklend,PYUSD,4.282,4.282,2.252,sentora-curator USDC vault (Sentora USD),sentora-curator,Risk Curators,7.439,not re-posted (single borrow),,0.3,1,1.249,2490.0,2.963,296.29,Hold WSTETH (lido yield),2.252,0.711,2.232,2.086,2.465,2.349,3.454,3.454,71% price,0.0565,0.07,0.659,0.001,0.075,1,1.83,1.036,4.762,-0.579
WETH,Monad,Aave v3 Monad,USDT0,4.598,4.598,2.66,Lend USDC on aave-v3,aave-v3,Lending,4.974,not re-posted (single borrow),,0.2,1,1.161,1610.0,2.709,270.88,Stake WETH -> WEETH (ether.fi-stake) [Ethereum],2.243,0.466,2.231,2.078,2.387,1.727,5.217,5.217,81% price,0.011,0.01,0.464,0.004,0.012,1,1.805,1.043,2.912,-2.095
WSTETH,Ethereum,Compound v3 USDT market,USDT,3.984,3.984,2.252,sentora-curator USDC vault (Sentora USD),sentora-curator,Risk Curators,7.439,not re-posted (single borrow),,0.4,1,1.328,3280.0,3.305,330.55,Hold WSTETH (lido yield),2.252,1.053,2.226,2.086,2.649,1.931,2.652,2.652,62% price,0.1334,0.219,0.854,0.007,0.08,1,1.82,1.061,4.976,-0.314
WSTETH,Ethereum,Aave v3 Ethereum,USDC,4.598,4.598,2.252,morpho-blue FCUSDT vault,morpho-blue,Vault,8.187,not re-posted (single borrow),,0.3,1,1.236,2355.0,3.023,302.33,Hold WSTETH (lido yield),2.252,0.771,2.226,2.086,2.552,2.101,3.439,3.439,71% price,0.0574,0.081,0.713,0.003,0.074,1,1.785,1.032,4.962,-1.139
WSTETH,Ethereum,sparklend,USDS,4.319,4.319,2.252,sentora-curator USDC vault (Sentora USD),sentora-curator,Risk Curators,7.439,not re-posted (single borrow),,0.3,1,1.249,2490.0,2.954,295.38,Hold WSTETH (lido yield),2.252,0.702,2.223,2.086,2.456,2.339,3.454,3.454,71% price,0.0565,0.07,0.659,0.001,0.075,1,1.83,1.036,4.731,-0.609
WSTETH,Ethereum,sparklend,USDC,4.369,4.369,2.252,sentora-curator USDC vault (Sentora USD),sentora-curator,Risk Curators,7.439,not re-posted (single borrow),,0.3,1,1.249,2490.0,2.956,295.63,Hold WSTETH (lido yield),2.252,0.704,2.211,2.086,2.458,0.861,3.454,3.454,71% price,0.0565,0.07,0.659,0.016,0.06,1,1.83,1.036,4.74,-0.766
WSTETH,Ethereum,Aave v3 EthereumLido,USDC,4.343,4.343,2.287,sentora-curator USDC vault (Sentora USD),sentora-curator,Risk Curators,7.439,not re-posted (single borrow),,0.3,1,1.246,2460.0,2.988,298.81,Hold WSTETH (lido yield),2.252,0.736,2.197,2.086,2.496,-0.504,3.374,3.374,70% price,0.0614,0.091,0.655,0.045,0.06,1,1.82,1.012,4.765,-1.927
WETH,Monad,Aave v3 Monad,MUSD,4.019,4.019,2.66,Lend MUSD on aave-v3,aave-v3,Lending,4.099,not re-posted (single borrow),,0.2,1,1.161,1610.0,2.671,267.09,Stake WETH -> WEETH (ether.fi-stake) [Ethereum],2.243,0.428,2.194,2.078,2.349,1.849,5.217,5.217,81% price,0.011,0.01,0.464,0.002,0.002,1,1.805,1.043,2.723,-2.258
WSTETH,Ethereum,sparklend,DAI,4.436,4.436,2.252,sentora-curator USDC vault (Sentora USD),sentora-curator,Risk Curators,7.439,not re-posted (single borrow),,0.3,1,1.249,2490.0,2.925,292.46,Hold WSTETH (lido yield),2.252,0.673,2.194,2.086,2.427,2.31,3.454,3.454,71% price,0.0565,0.07,0.659,0.001,0.075,1,1.83,1.036,4.634,-0.707
WSTETH,Ethereum,morpho-blue WSTETH/USDT (86.0% LTV),USDT,3.169,3.169,2.252,Lend USDC on dolomite,dolomite,Lending,5.297,not re-posted (single borrow),,0.3,1,1.258,2580.0,2.725,272.54,Hold WSTETH (lido yield),2.252,0.473,2.187,2.086,2.209,1.898,3.333,3.333,70% price,0.064,0.072,0.463,0.003,0.075,1,1.86,1.0,3.97,-0.532
WSTETH,Ethereum,sparklend,RLUSD,3.901,3.901,2.252,morpho-blue STEAKCUSDC vault,morpho-blue,Vault,7.199,not re-posted (single borrow),,0.3,1,1.249,2490.0,2.998,299.83,Hold WSTETH (lido yield),2.252,0.746,2.187,2.086,2.5,1.56,3.454,3.454,71% price,0.0565,0.07,0.733,0.008,0.075,1,1.83,1.036,4.88,-0.779
WSTETH,Ethereum,morpho-blue WSTETH/USDT (86.0% LTV),USDT,3.169,3.169,2.252,Lend USD1 on dolomite,dolomite,Lending,5.264,not re-posted (single borrow),,0.3,1,1.258,2580.0,2.717,271.69,Hold WSTETH (lido yield),2.252,0.465,2.179,2.086,2.201,1.928,3.333,3.333,70% price,0.064,0.072,0.463,0.002,0.075,1,1.86,1.0,3.942,-0.558
WETH,Monad,Aave v3 Monad,USDT0,4.598,4.598,2.66,Lend USDC on aave-v3,aave-v3,Lending,4.974,same account,4.598,0.2,1,1.161,1610.0,2.709,270.88,Stake WETH -> WEETH (ether.fi-stake) [Ethereum],2.243,0.466,2.176,2.078,2.387,1.727,5.997,5.217,96% price,0.0,0.0,0.529,0.004,0.012,20,4.21,1.042,3.653,-17.569
WSTETH,Ethereum,Aave v3 Ethereum,USDT,4.368,4.368,2.252,sentora-curator USDC vault (Sentora USD),sentora-curator,Risk Curators,7.439,not re-posted (single borrow),,0.3,1,1.236,2355.0,2.901,290.13,Hold WSTETH (lido yield),2.252,0.649,2.176,2.086,2.43,2.32,3.439,3.439,71% price,0.0574,0.081,0.643,0.001,0.074,1,1.785,1.032,4.556,-1.289
WSTETH,Ethereum,Aave v3 Ethereum [E-mode: syrupUSDT Stablecoins],USDT,4.368,4.368,2.252,sentora-curator USDC vault (Sentora USD),sentora-curator,Risk Curators,7.439,not re-posted (single borrow),,0.3,1,1.236,2355.0,2.901,290.13,Hold WSTETH (lido yield),2.252,0.649,2.176,2.086,2.43,2.32,3.439,3.439,71% price,0.0574,0.081,0.643,0.001,0.074,1,1.785,1.032,4.556,-1.289
WSTETH,Ethereum,sparklend,USDT,3.97,3.97,2.252,morpho-blue STEAKCUSDC vault,morpho-blue,Vault,7.199,not re-posted (single borrow),,0.3,1,1.249,2490.0,2.981,298.12,Hold WSTETH (lido yield),2.252,0.729,2.173,2.086,2.483,1.919,3.454,3.454,71% price,0.0565,0.07,0.733,0.004,0.075,1,1.83,1.036,4.823,-0.798
WSTETH,Ethereum,sparklend,RLUSD,3.901,3.901,2.252,morpho-blue PENDLEUSDC vault,morpho-blue,Vault,6.63,not re-posted (single borrow),,0.3,1,1.249,2490.0,2.856,285.65,Hold WSTETH (lido yield),2.252,0.604,2.169,2.086,2.358,1.418,3.454,3.454,71% price,0.0565,0.07,0.609,0.008,0.075,1,1.83,1.036,4.407,-0.837
WSTETH,Ethereum,sparklend,RLUSD,3.901,3.901,2.252,morpho-blue SENPYUSDPST vault,morpho-blue,Vault,6.602,not re-posted (single borrow),,0.3,1,1.249,2490.0,2.85,284.95,Hold WSTETH (lido yield),2.252,0.598,2.162,2.086,2.352,1.412,3.454,3.454,71% price,0.0565,0.07,0.609,0.008,0.075,1,1.83,1.036,4.384,-0.86
WSTETH,Ethereum,Aave v3 Ethereum,WETH,1.966,1.966,2.252,Stake WETH -> WEETH (ether.fi-stake),ether.fi-stake,Liquid Staking,2.323,Aave v3 Ethereum [E-mode: ETH correlated] (WETH 1.97%),1.966,0.92,12,5.232,42316.53,3.162,316.23,Hold WSTETH (lido yield),2.252,0.91,2.161,2.086,-5.301,-2.058,1.122,1.11,"10.8% depeg, 12.7% depeg",0.0048,0.02,0.88,0.101,0.602,29,10.847,1.032,4.378,-2.957
WSTETH,Ethereum,Aave v3 Ethereum,WETH,1.966,1.966,2.252,Stake WETH -> WEETH (ether.fi-stake),ether.fi-stake,Liquid Staking,2.323,Aave v3 Ethereum [E-mode: weETH/wstETH ETH Correlated] (WETH 1.97%),1.966,0.92,12,5.232,42316.53,3.162,316.23,Hold WSTETH (lido yield),2.252,0.91,2.161,2.086,-5.301,-2.058,1.122,1.11,"10.8% depeg, 12.7% depeg",0.0048,0.02,0.88,0.101,0.602,29,10.847,1.032,4.378,-2.957
WSTETH,Ethereum,Aave v3 Ethereum [E-mode: weETH/wstETH ETH Correlated],WETH,1.966,1.966,2.252,Stake WETH -> WEETH (ether.fi-stake),ether.fi-stake,Liquid Staking,2.323,Aave v3 Ethereum [E-mode: ETH correlated] (WETH 1.97%),1.966,0.92,12,5.232,42316.53,3.162,316.23,Hold WSTETH (lido yield),2.252,0.91,2.161,2.086,-5.301,-2.058,1.122,1.11,"10.8% depeg, 12.7% depeg",0.0048,0.02,0.88,0.101,0.602,29,10.847,1.032,4.378,-2.957
WSTETH,Ethereum,morpho-blue WSTETH/USDT (86.0% LTV),USDT,3.169,3.169,2.252,Stake USDC -> SYRUPUSDC (maple),maple,Lending,5.085,not re-posted (single borrow),,0.3,1,1.258,2580.0,2.671,267.07,Hold WSTETH (lido yield),2.252,0.419,2.159,2.086,2.155,1.882,3.333,3.333,70% price,0.064,0.072,0.437,0.002,0.075,1,1.86,1.0,3.788,-0.626
WSTETH,Ethereum,sparklend,USDT,3.97,3.97,2.252,morpho-blue PENDLEUSDC vault,morpho-blue,Vault,6.63,not re-posted (single borrow),,0.3,1,1.249,2490.0,2.839,283.94,Hold WSTETH (lido yield),2.252,0.587,2.156,2.086,2.341,1.777,3.454,3.454,71% price,0.0565,0.07,0.609,0.004,0.075,1,1.83,1.036,4.35,-0.855
WSTETH,Ethereum,sparklend,USDT,3.97,3.97,2.252,morpho-blue SENPYUSDPST vault,morpho-blue,Vault,6.602,not re-posted (single borrow),,0.3,1,1.249,2490.0,2.832,283.25,Hold WSTETH (lido yield),2.252,0.581,2.149,2.086,2.334,1.77,3.454,3.454,71% price,0.0565,0.07,0.609,0.004,0.075,1,1.83,1.036,4.327,-0.879
WSTETH,Ethereum,Aave v3 Ethereum,GHO,4.5,4.5,2.252,sentora-curator USDC vault (Sentora USD),sentora-curator,Risk Curators,7.439,not re-posted (single borrow),,0.3,1,1.236,2355.0,2.87,287.01,Hold WSTETH (lido yield),2.252,0.618,2.145,2.086,2.399,2.179,3.439,3.439,71% price,0.0574,0.081,0.643,0.002,0.074,1,1.785,1.032,4.452,-1.399
WSTETH,Ethereum,Aave v3 Ethereum [E-mode: syrupUSDT Stablecoins],GHO,4.5,4.5,2.252,sentora-curator USDC vault (Sentora USD),sentora-curator,Risk Curators,7.439,not re-posted (single borrow),,0.3,1,1.236,2355.0,2.87,287.01,Hold WSTETH (lido yield),2.252,0.618,2.145,2.086,2.399,2.179,3.439,3.439,71% price,0.0574,0.081,0.643,0.002,0.074,1,1.785,1.032,4.452,-1.399
WSTETH,Ethereum,Compound v3 WETH market,WETH,1.9,1.9,2.252,Stake WETH -> WEETH (ether.fi-stake),ether.fi-stake,Liquid Staking,2.323,Aave v3 Ethereum [E-mode: ETH correlated] (WETH 1.97%),1.966,0.94,12,6.385,53852.24,3.572,357.23,Hold WSTETH (lido yield),2.252,1.32,2.143,2.086,-7.198,-4.159,1.123,1.087,"10.9% depeg, 11.3% depeg",0.0065,0.029,1.18,0.221,0.659,31,12.502,1.031,4.885,-2.872
WSTETH,Ethereum,Compound v3 WETH market,WETH,1.9,1.9,2.252,Stake WETH -> WEETH (ether.fi-stake),ether.fi-stake,Liquid Staking,2.323,Aave v3 Ethereum [E-mode: weETH/wstETH ETH Correlated] (WETH 1.97%),1.966,0.94,12,6.385,53852.24,3.572,357.23,Hold WSTETH (lido yield),2.252,1.32,2.143,2.086,-7.198,-4.159,1.123,1.087,"10.9% depeg, 11.3% depeg",0.0065,0.029,1.18,0.221,0.659,31,12.502,1.031,4.885,-2.872
WSTETH,Ethereum,Aave v3 Ethereum,DAI,5.148,5.148,2.252,morpho-blue ROXCUSDC vault,morpho-blue,Vault,8.391,not re-posted (single borrow),,0.3,1,1.236,2355.0,2.942,294.17,Hold WSTETH (lido yield),2.252,0.69,2.141,2.086,2.471,1.663,3.439,3.439,71% price,0.0574,0.081,0.713,0.006,0.074,1,1.785,1.032,4.691,-1.443
WSTETH,Ethereum,Aave v3 Ethereum,USDC,4.598,4.598,2.252,sentora-curator USDC vault (Sentora USD),sentora-curator,Risk Curators,7.439,not re-posted (single borrow),,0.3,1,1.236,2355.0,2.861,286.12,Hold WSTETH (lido yield),2.252,0.609,2.136,2.086,2.39,2.28,3.439,3.439,71% price,0.0574,0.081,0.643,0.001,0.06,1,1.785,1.032,4.422,-1.423
WSTETH,Ethereum,sparklend,WETH,1.919,1.919,2.252,Stake WETH -> WEETH (ether.fi-stake),ether.fi-stake,Liquid Staking,2.323,Aave v3 Ethereum [E-mode: ETH correlated] (WETH 1.97%),1.966,0.94,12,5.966,49663.73,3.424,342.45,Hold WSTETH (lido yield),2.252,1.173,2.136,2.086,-6.508,-2.702,1.102,1.087,"9.3% depeg, 11.3% depeg",0.0177,0.07,1.08,0.139,0.638,30,11.513,1.031,4.591,-2.918
WSTETH,Ethereum,sparklend,WETH,1.919,1.919,2.252,Stake WETH -> WEETH (ether.fi-stake),ether.fi-stake,Liquid Staking,2.323,Aave v3 Ethereum [E-mode: weETH/wstETH ETH Correlated] (WETH 1.97%),1.966,0.94,12,5.966,49663.73,3.424,342.45,Hold WSTETH (lido yield),2.252,1.173,2.136,2.086,-6.508,-2.702,1.102,1.087,"9.3% depeg, 11.3% depeg",0.0177,0.07,1.08,0.139,0.638,30,11.513,1.031,4.591,-2.918
WSTETH,Ethereum,sparklend,WETH,1.919,1.919,2.252,Stake WETH -> WSTETH (lido),lido,Liquid Staking,2.252,same account,1.919,1.0,5,3.959,29591.74,2.909,290.92,Hold WSTETH (lido yield),2.252,0.657,2.133,2.086,-3.009,-0.741,1.151,1.036,13.1% depeg,0.0005,0.007,0.72,0.049,0.328,12,5.36,1.057,3.096,-1.31
WSTETH,Ethereum,morpho-blue WSTETH/USDT (86.0% LTV),USDT,3.169,3.169,2.252,Stake USDS -> STUSDS (sky-lending),sky-lending,CDP,5.07,not re-posted (single borrow),,0.3,1,1.258,2580.0,2.667,266.69,Hold WSTETH (lido yield),2.252,0.415,2.13,2.086,2.151,2.141,3.333,3.333,70% price,0.064,0.072,0.463,0.001,0.075,1,1.86,1.0,3.775,-0.711
WETH,Monad,Aave v3 Monad,USDE,6.601,6.601,2.66,morpho-blue HYPERUSDCA vault,morpho-blue,Vault,6.92,not re-posted (single borrow),,0.2,1,1.161,1610.0,2.7,269.98,Stake WETH -> WEETH (ether.fi-stake) [Ethereum],2.243,0.456,2.128,2.078,2.378,2.303,5.217,5.217,81% price,0.011,0.01,0.561,0.001,0.012,1,1.805,1.043,2.867,-2.549
WSTETH,Ethereum,Aave v3 EthereumLido,GHO,4.173,4.173,2.287,morpho-blue STEAKCUSDC vault,morpho-blue,Vault,7.199,not re-posted (single borrow),,0.3,1,1.246,2460.0,2.956,295.62,Hold WSTETH (lido yield),2.252,0.704,2.127,2.086,2.464,1.38,3.374,3.374,70% price,0.0614,0.091,0.729,0.009,0.075,1,1.82,1.012,4.659,-1.88
WSTETH,Ethereum,morpho-blue WSTETH/USDC (86.0% LTV),USDC,4.741,4.741,2.252,sentora-curator USDC vault (Sentora USD),sentora-curator,Risk Curators,7.439,not re-posted (single borrow),,0.3,1,1.258,2580.0,2.888,288.8,Hold WSTETH (lido yield),2.252,0.636,2.125,2.086,2.372,0.516,3.333,3.333,70% price,0.064,0.072,0.67,0.021,0.06,1,1.86,1.0,4.512,-0.881
WSTETH,Ethereum,morpho-blue WSTETH/USDT (86.0% LTV),USDT,3.169,3.169,2.252,Stake USDT -> SYRUPUSDT (maple),maple,Lending,4.957,not re-posted (single borrow),,0.3,1,1.258,2580.0,2.653,265.31,Hold WSTETH (lido yield),2.252,0.401,2.115,2.086,2.137,1.864,3.333,3.333,70% price,0.064,0.072,0.463,0.002,0.06,1,1.86,1.0,3.729,-0.771
WSTETH,Ethereum,Aave v3 EthereumLido,GHO,4.173,4.173,2.287,morpho-blue PENDLEUSDC vault,morpho-blue,Vault,6.63,not re-posted (single borrow),,0.3,1,1.246,2460.0,2.816,281.61,Hold WSTETH (lido yield),2.252,0.564,2.11,2.086,2.324,1.24,3.374,3.374,70% price,0.0614,0.091,0.606,0.009,0.075,1,1.82,1.012,4.192,-1.937
WSTETH,Ethereum,Aave v3 EthereumLido,GHO,4.173,4.173,2.287,morpho-blue SENPYUSDPST vault,morpho-blue,Vault,6.602,not re-posted (single borrow),,0.3,1,1.246,2460.0,2.809,280.92,Hold WSTETH (lido yield),2.252,0.557,2.103,2.086,2.317,1.233,3.374,3.374,70% price,0.0614,0.091,0.606,0.009,0.075,1,1.82,1.012,4.169,-1.96
WSTETH,Polygon,Aave v3 Polygon,WETH,1.825,1.825,2.252,Buy WSTETH (lido) on Polygon,lido,Liquid Staking,2.252,Aave v3 Polygon [E-mode: ETH correlated] (WETH 1.83%),1.825,0.94,25,5.508,45079.5,3.717,371.72,Hold WSTETH (lido yield),2.252,1.465,2.099,2.086,-5.299,-3.989,1.102,1.099,"10.8% depeg, 9.3% depeg",0.0192,0.079,1.32,0.219,0.461,50,8.461,1.034,4.674,-1.008
WSTETH,Ethereum,sparklend,PYUSD,4.282,4.282,2.252,morpho-blue STEAKCUSDC vault,morpho-blue,Vault,7.199,not re-posted (single borrow),,0.3,1,1.249,2490.0,2.903,290.34,Hold WSTETH (lido yield),2.252,0.651,2.098,2.086,2.405,2.177,3.454,3.454,71% price,0.0565,0.07,0.733,0.002,0.075,1,1.83,1.036,4.563,-1.033
WSTETH,Ethereum,sparklend,WETH,1.919,1.919,2.252,Stake WETH -> WEETH (ether.fi-stake),ether.fi-stake,Liquid Staking,2.323,same account,1.919,1.0,5,3.736,27362.11,3.041,304.12,Hold WSTETH (lido yield),2.252,0.789,2.097,2.086,-2.431,-0.334,1.134,1.036,11.8% depeg,0.0016,0.022,0.88,0.042,0.317,10,4.578,1.06,3.189,-0.32
WSTETH,Ethereum,Aave v3 Ethereum,DAI,5.148,5.148,2.252,morpho-blue FCUSDT vault,morpho-blue,Vault,8.187,not re-posted (single borrow),,0.3,1,1.236,2355.0,2.894,289.37,Hold WSTETH (lido yield),2.252,0.642,2.093,2.086,2.423,1.615,3.439,3.439,71% price,0.0574,0.081,0.713,0.006,0.074,1,1.785,1.032,4.531,-1.603
WSTETH,Ethereum,sparklend,PYUSD,4.282,4.282,2.252,morpho-blue SENPYUSDPST vault,morpho-blue,Vault,6.602,not re-posted (single borrow),,0.3,1,1.249,2490.0,2.77,276.96,Hold WSTETH (lido yield),2.252,0.518,2.089,2.086,2.272,2.155,3.454,3.454,71% price,0.0565,0.07,0.609,0.001,0.06,1,1.83,1.036,4.117,-1.057
WSTETH,Ethereum,sparklend,USDS,4.319,4.319,2.252,morpho-blue STEAKCUSDC vault,morpho-blue,Vault,7.199,not re-posted (single borrow),,0.3,1,1.249,2490.0,2.894,289.43,Hold WSTETH (lido yield),2.252,0.642,2.088,2.086,2.396,2.167,3.454,3.454,71% price,0.0565,0.07,0.733,0.002,0.075,1,1.83,1.036,4.533,-1.063
WSTETH,Ethereum,morpho-blue WSTETH/USDC (86.0% LTV),USDC,4.78,4.78,2.252,sentora-curator USDC vault (Sentora USD),sentora-curator,Risk Curators,7.439,not re-posted (single borrow),,0.3,1,1.258,2580.0,2.878,287.8,Hold WSTETH (lido yield),2.252,0.626,2.087,2.086,2.362,-0.773,3.333,3.333,70% price,0.064,0.072,0.67,0.049,0.06,1,1.86,1.0,4.479,-1.231
WBTC,Ethereum,morpho-blue WBTC/RLUSD (86.0% LTV),RLUSD,2.372,2.372,0.0,sentora-curator USDC vault (Sentora USD),sentora-curator,Risk Curators,7.439,not re-posted (single borrow),,0.5,1,1.43,4300.0,2.093,209.3,Hold WBTC,0.0,2.093,1.035,0.0,1.233,-0.754,2.0,2.0,50% price,0.1657,0.312,0.716,0.03,0.086,1,1.86,1.0,4.246,-0.876
CBBTC,Monad,Aave v3 Monad,AUSD,3.02,3.02,0.0,Lend USDC on aave-v3,aave-v3,Lending,4.974,same account,3.02,0.98,2,2.241,12412.19,2.347,234.71,Hold CBBTC,0.0,2.347,1.016,0.0,-0.135,-4.96,1.408,1.078,"65% price, 52.4% depeg",0.0358,0.333,0.8,0.197,0.077,23,3.916,1.047,5.497,-11.612
WBTC,Ethereum,morpho-blue WBTC/USDT (86.0% LTV),USDT,3.172,3.172,0.0,sentora-curator USDC vault (Sentora USD),sentora-curator,Risk Curators,7.439,not re-posted (single borrow),,0.5,1,1.43,4300.0,1.749,174.9,Hold WBTC,0.0,1.749,0.711,0.0,0.889,0.103,2.0,2.0,50% price,0.1657,0.312,0.716,0.01,0.086,1,1.86,1.0,3.558,-1.484
CBBTC,Ethereum,sparklend,RLUSD,3.901,3.901,0.001,morpho-blue ROXCUSDC vault,morpho-blue,Vault,8.391,not re-posted (single borrow),,0.5,1,1.405,4050.0,1.735,173.46,Hold CBBTC,0.0,1.735,0.614,0.0,0.925,-0.604,2.074,2.074,52% price,0.1446,0.293,0.808,0.02,0.084,1,1.81,1.037,3.529,-1.782
CBBTC,Ethereum,sparklend,USDT,3.97,3.97,0.001,morpho-blue ROXCUSDC vault,morpho-blue,Vault,8.391,not re-posted (single borrow),,0.5,1,1.405,4050.0,1.707,170.69,Hold CBBTC,0.0,1.707,0.596,0.0,0.897,-0.021,2.074,2.074,52% price,0.1446,0.293,0.808,0.011,0.084,1,1.81,1.037,3.473,-1.801
CBBTC,Ethereum,morpho-blue CBBTC/USDT (86.0% LTV),USDT,3.324,3.324,0.0,sentora-curator USDC vault (Sentora USD),sentora-curator,Risk Curators,7.439,not re-posted (single borrow),,0.5,1,1.43,4300.0,1.684,168.35,Hold CBBTC,0.0,1.684,0.593,0.0,0.824,-2.43,2.0,2.0,50% price,0.1657,0.312,0.716,0.063,0.086,1,1.86,1.0,3.427,-1.826
WBTC,Ethereum,sparklend,RLUSD,3.901,3.901,0.0,morpho-blue ROXCUSDC vault,morpho-blue,Vault,8.391,not re-posted (single borrow),,0.5,1,1.385,3850.0,1.645,164.54,Hold WBTC,0.0,1.645,0.573,0.0,0.875,-0.578,2.078,2.078,52% price,0.1435,0.276,0.777,0.018,0.083,1,1.77,1.039,3.351,-1.693
WBTC,Ethereum,morpho-blue WBTC/USDT (86.0% LTV),USDT,3.223,3.223,0.0,sentora-curator USDC vault (Sentora USD),sentora-curator,Risk Curators,7.439,not re-posted (single borrow),,0.4,1,1.344,3440.0,1.369,136.95,Hold WBTC,0.0,1.369,0.56,0.0,0.681,-3.735,2.5,2.5,60% price,0.0669,0.101,0.613,0.096,0.081,1,1.86,1.0,3.514,-2.091
WBTC,Ethereum,sparklend,USDT,3.97,3.97,0.0,morpho-blue ROXCUSDC vault,morpho-blue,Vault,8.391,not re-posted (single borrow),,0.5,1,1.385,3850.0,1.619,161.9,Hold WBTC,0.0,1.619,0.555,0.0,0.849,-0.024,2.078,2.078,52% price,0.1435,0.276,0.777,0.01,0.083,1,1.77,1.039,3.298,-1.712
CBBTC,Ethereum,sparklend,USDT,3.97,3.97,0.001,morpho-blue FCUSDT vault,morpho-blue,Vault,8.187,not re-posted (single borrow),,0.5,1,1.405,4050.0,1.649,164.87,Hold CBBTC,0.0,1.649,0.537,0.0,0.839,-0.079,2.074,2.074,52% price,0.1446,0.293,0.808,0.011,0.06,1,1.81,1.037,3.357,-1.918
CBBTC,Ethereum,sparklend,RLUSD,3.901,3.901,0.001,morpho-blue FCUSDT vault,morpho-blue,Vault,8.187,not re-posted (single borrow),,0.5,1,1.405,4050.0,1.652,165.21,Hold CBBTC,0.0,1.652,0.532,0.0,0.842,-0.687,2.074,2.074,52% price,0.1446,0.293,0.808,0.02,0.084,1,1.81,1.037,3.363,-1.948
WBTC,Ethereum,Compound v3 USDT market,USDT,3.984,3.984,0.0,morpho-blue ROXCUSDC vault,morpho-blue,Vault,8.391,not re-posted (single borrow),,0.5,1,1.4,4000.0,1.679,167.88,Hold WBTC,0.0,1.679,0.505,0.0,0.879,0.003,2.125,2.125,53% price,0.1317,0.263,0.9,0.01,0.084,1,1.8,1.062,3.418,-1.738
CBBTC,Ethereum,Compound v3 USDT market,USDT,3.984,3.984,0.0,morpho-blue ROXCUSDC vault,morpho-blue,Vault,8.391,not re-posted (single borrow),,0.5,1,1.4,4000.0,1.679,167.88,Hold CBBTC,0.0,1.679,0.505,0.0,0.879,0.003,2.125,2.125,53% price,0.1317,0.263,0.9,0.01,0.084,1,1.8,1.062,3.418,-1.738
WBTC,Ethereum,sparklend,USDT,3.97,3.97,0.0,morpho-blue FCUSDT vault,morpho-blue,Vault,8.187,not re-posted (single borrow),,0.5,1,1.385,3850.0,1.564,156.36,Hold WBTC,0.0,1.564,0.5,0.0,0.794,-0.079,2.078,2.078,52% price,0.1435,0.276,0.777,0.01,0.06,1,1.77,1.039,3.187,-1.823
WBTC,Ethereum,sparklend,RLUSD,3.901,3.901,0.0,morpho-blue FCUSDT vault,morpho-blue,Vault,8.187,not re-posted (single borrow),,0.5,1,1.385,3850.0,1.567,156.69,Hold WBTC,0.0,1.567,0.495,0.0,0.797,-0.657,2.078,2.078,52% price,0.1435,0.276,0.777,0.018,0.083,1,1.77,1.039,3.194,-1.85
CBBTC,Ethereum,sparklend,PYUSD,4.282,4.282,0.001,morpho-blue ROXCUSDC vault,morpho-blue,Vault,8.391,not re-posted (single borrow),,0.5,1,1.405,4050.0,1.58,158.03,Hold CBBTC,0.0,1.58,0.473,0.0,0.77,0.158,2.074,2.074,52% price,0.1446,0.293,0.808,0.007,0.084,1,1.81,1.037,3.22,-2.04
WBTC,Ethereum,morpho-blue WBTC/RLUSD (86.0% LTV),RLUSD,2.372,2.372,0.0,Lend USDC on dolomite,dolomite,Lending,5.297,not re-posted (single borrow),,0.4,1,1.344,3440.0,0.926,92.56,Hold WBTC,0.0,0.926,0.468,0.0,0.238,-1.352,2.5,2.5,60% price,0.0669,0.101,0.338,0.019,0.081,1,1.86,1.0,2.404,-2.03
CBBTC,Ethereum,sparklend,USDS,4.319,4.319,0.001,morpho-blue ROXCUSDC vault,morpho-blue,Vault,8.391,not re-posted (single borrow),,0.4,1,1.324,3240.0,1.241,124.05,Hold CBBTC,0.0,1.241,0.458,0.0,0.593,0.103,2.593,2.593,61% price,0.0567,0.092,0.686,0.005,0.079,1,1.81,1.037,3.19,-2.07
WBTC,Ethereum,morpho-blue WBTC/RLUSD (86.0% LTV),RLUSD,2.372,2.372,0.0,Lend USD1 on dolomite,dolomite,Lending,5.264,not re-posted (single borrow),,0.4,1,1.344,3440.0,0.914,91.42,Hold WBTC,0.0,0.914,0.457,0.0,0.226,-1.363,2.5,2.5,60% price,0.0669,0.101,0.338,0.019,0.081,1,1.86,1.0,2.376,-2.059
WBTC,Ethereum,Compound v3 USDT market,USDT,3.984,3.984,0.0,morpho-blue FCUSDT vault,morpho-blue,Vault,8.187,not re-posted (single borrow),,0.5,1,1.4,4000.0,1.621,162.12,Hold WBTC,0.0,1.621,0.448,0.0,0.821,-0.055,2.125,2.125,53% price,0.1317,0.263,0.9,0.01,0.06,1,1.8,1.062,3.302,-1.853
CBBTC,Ethereum,Compound v3 USDT market,USDT,3.984,3.984,0.0,morpho-blue FCUSDT vault,morpho-blue,Vault,8.187,not re-posted (single borrow),,0.5,1,1.4,4000.0,1.621,162.12,Hold CBBTC,0.0,1.621,0.448,0.0,0.821,-0.055,2.125,2.125,53% price,0.1317,0.263,0.9,0.01,0.06,1,1.8,1.062,3.302,-1.853
CBBTC,Ethereum,sparklend,USDC,4.369,4.369,0.001,morpho-blue ROXCUSDC vault,morpho-blue,Vault,8.391,not re-posted (single borrow),,0.4,1,1.324,3240.0,1.244,124.38,Hold CBBTC,0.0,1.244,0.438,0.0,0.596,-1.482,2.593,2.593,61% price,0.0567,0.092,0.686,0.027,0.06,1,1.81,1.037,3.199,-2.203
WBTC,Ethereum,sparklend,PYUSD,4.282,4.282,0.0,morpho-blue ROXCUSDC vault,morpho-blue,Vault,8.391,not re-posted (single borrow),,0.5,1,1.385,3850.0,1.499,149.87,Hold WBTC,0.0,1.499,0.438,0.0,0.729,0.147,2.078,2.078,52% price,0.1435,0.276,0.777,0.007,0.083,1,1.77,1.039,3.057,-1.94
WBTC,Ethereum,morpho-blue WBTC/RLUSD (86.0% LTV),RLUSD,2.372,2.372,0.0,Stake USDC -> SYRUPUSDC (maple),maple,Lending,5.085,not re-posted (single borrow),,0.4,1,1.344,3440.0,0.853,85.26,Hold WBTC,0.0,0.853,0.429,0.0,0.165,-1.425,2.5,2.5,60% price,0.0669,0.101,0.303,0.019,0.081,1,1.86,1.0,2.222,-2.127
WBTC,Ethereum,sparklend,USDS,4.319,4.319,0.0,morpho-blue ROXCUSDC vault,morpho-blue,Vault,8.391,not re-posted (single borrow),,0.5,1,1.385,3850.0,1.485,148.46,Hold WBTC,0.0,1.485,0.424,0.0,0.715,0.133,2.078,2.078,52% price,0.1435,0.276,0.777,0.007,0.083,1,1.77,1.039,3.029,-1.968
CBBTC,Ethereum,sparklend,DAI,4.436,4.436,0.001,morpho-blue ROXCUSDC vault,morpho-blue,Vault,8.391,not re-posted (single borrow),,0.4,1,1.324,3240.0,1.202,120.25,Hold CBBTC,0.0,1.202,0.42,0.0,0.554,0.065,2.593,2.593,61% price,0.0567,0.092,0.686,0.005,0.079,1,1.81,1.037,3.095,-2.165
WBTC,Ethereum,sparklend,USDC,4.369,4.369,0.0,morpho-blue ROXCUSDC vault,morpho-blue,Vault,8.391,not re-posted (single borrow),,0.4,1,1.308,3080.0,1.179,117.88,Hold WBTC,0.0,1.179,0.405,0.0,0.563,-1.413,2.597,2.597,62% price,0.0563,0.087,0.662,0.025,0.06,1,1.77,1.039,3.037,-2.089
CBBTC,Ethereum,sparklend,PYUSD,4.282,4.282,0.001,morpho-blue FCUSDT vault,morpho-blue,Vault,8.187,not re-posted (single borrow),,0.4,1,1.324,3240.0,1.186,118.64,Hold CBBTC,0.0,1.186,0.402,0.0,0.538,-0.082,2.593,2.593,61% price,0.0567,0.092,0.686,0.006,0.079,1,1.81,1.037,3.055,-2.213
WBTC,Ethereum,Aave v3 Ethereum,USDT,4.368,4.368,0.003,morpho-blue ROXCUSDC vault,morpho-blue,Vault,8.391,not re-posted (single borrow),,0.5,1,1.365,3650.0,1.39,138.98,Hold WBTC,0.0,1.39,0.401,0.0,0.66,0.108,2.137,2.137,53% price,0.1288,0.235,0.747,0.006,0.082,1,1.73,1.068,2.836,-1.748
WBTC,Ethereum,Aave v3 Ethereum [E-mode: syrupUSDT Stablecoins],USDT,4.368,4.368,0.003,morpho-blue ROXCUSDC vault,morpho-blue,Vault,8.391,not re-posted (single borrow),,0.5,1,1.365,3650.0,1.39,138.98,Hold WBTC,0.0,1.39,0.401,0.0,0.66,0.108,2.137,2.137,53% price,0.1288,0.235,0.747,0.006,0.082,1,1.73,1.068,2.836,-1.748
WBTC,Ethereum,morpho-blue WBTC/RLUSD (86.0% LTV),RLUSD,2.372,2.372,0.0,Stake USDS -> STUSDS (sky-lending),sky-lending,CDP,5.07,not re-posted (single borrow),,0.4,1,1.344,3440.0,0.848,84.76,Hold WBTC,0.0,0.848,0.401,0.0,0.16,-0.671,2.5,2.5,60% price,0.0669,0.101,0.338,0.009,0.081,1,1.86,1.0,2.209,-2.159
CBBTC,Ethereum,sparklend,USDS,4.319,4.319,0.001,morpho-blue FCUSDT vault,morpho-blue,Vault,8.187,not re-posted (single borrow),,0.4,1,1.324,3240.0,1.174,117.45,Hold CBBTC,0.0,1.174,0.391,0.0,0.526,-0.094,2.593,2.593,61% price,0.0567,0.092,0.686,0.006,0.079,1,1.81,1.037,3.025,-2.242
WBTC,Ethereum,sparklend,DAI,4.436,4.436,0.0,morpho-blue ROXCUSDC vault,morpho-blue,Vault,8.391,not re-posted (single borrow),,0.4,1,1.308,3080.0,1.139,113.95,Hold WBTC,0.0,1.139,0.387,0.0,0.523,0.058,2.597,2.597,62% price,0.0563,0.087,0.662,0.004,0.078,1,1.77,1.039,2.939,-2.059
WBTC,Ethereum,Compound v3 WETH market,WETH,1.9,1.9,0.0,Stake WETH -> WEETH (ether.fi-stake),ether.fi-stake,Liquid Staking,2.323,same account,1.9,1.0,10,6.211,52105.72,1.615,161.47,Hold WBTC,0.0,1.615,0.384,0.0,-8.806,-5.866,1.113,1.057,"69% price, 11.9% depeg",0.004,0.104,0.92,0.207,0.591,22,8.212,1.068,2.002,-2.569
CBBTC,Ethereum,Compound v3 WETH market,WETH,1.9,1.9,0.0,Stake WETH -> WEETH (ether.fi-stake),ether.fi-stake,Liquid Staking,2.323,same account,1.9,1.0,10,6.211,52105.72,1.615,161.47,Hold CBBTC,0.0,1.615,0.384,0.0,-8.806,-5.866,1.113,1.057,"69% price, 11.9% depeg",0.004,0.104,0.92,0.207,0.591,22,8.212,1.068,2.002,-2.569
CBBTC,Ethereum,sparklend,RLUSD,3.901,3.901,0.001,sentora-curator USDC vault (Sentora USD),sentora-curator,Risk Curators,7.439,not re-posted (single borrow),,0.4,1,1.324,3240.0,1.067,106.73,Hold CBBTC,0.0,1.067,0.374,0.0,0.419,-0.804,2.593,2.593,61% price,0.0567,0.092,0.589,0.013,0.079,1,1.81,1.037,2.757,-2.311
WBTC,Ethereum,sparklend,PYUSD,4.282,4.282,0.0,morpho-blue FCUSDT vault,morpho-blue,Vault,8.187,not re-posted (single borrow),,0.4,1,1.308,3080.0,1.124,112.41,Hold WBTC,0.0,1.124,0.37,0.0,0.508,-0.082,2.597,2.597,62% price,0.0563,0.087,0.662,0.005,0.078,1,1.77,1.039,2.9,-2.104
WBTC,Ethereum,sparklend,USDS,4.319,4.319,0.0,morpho-blue FCUSDT vault,morpho-blue,Vault,8.187,not re-posted (single borrow),,0.4,1,1.308,3080.0,1.113,111.29,Hold WBTC,0.0,1.113,0.359,0.0,0.497,-0.093,2.597,2.597,62% price,0.0563,0.087,0.662,0.005,0.078,1,1.77,1.039,2.872,-2.132
CBBTC,Ethereum,sparklend,USDT,3.97,3.97,0.001,sentora-curator USDC vault (Sentora USD),sentora-curator,Risk Curators,7.439,not re-posted (single borrow),,0.4,1,1.324,3240.0,1.045,104.52,Hold CBBTC,0.0,1.045,0.357,0.0,0.397,-0.337,2.593,2.593,61% price,0.0567,0.092,0.589,0.007,0.079,1,1.81,1.037,2.702,-2.329
CBBTC,Ethereum,sparklend,USDC,4.369,4.369,0.001,morpho-blue FCUSDT vault,morpho-blue,Vault,8.187,not re-posted (single borrow),,0.4,1,1.324,3240.0,1.158,115.83,Hold CBBTC,0.0,1.158,0.353,0.0,0.51,-1.568,2.593,2.593,61% price,0.0567,0.092,0.686,0.027,0.079,1,1.81,1.037,2.985,-2.417
WBTC,Ethereum,Aave v3 Ethereum,GHO,4.5,4.5,0.003,morpho-blue ROXCUSDC vault,morpho-blue,Vault,8.391,not re-posted (single borrow),,0.5,1,1.365,3650.0,1.342,134.16,Hold WBTC,0.0,1.342,0.353,0.0,0.612,0.06,2.137,2.137,53% price,0.1288,0.235,0.747,0.006,0.082,1,1.73,1.068,2.74,-1.845
WBTC,Ethereum,Aave v3 Ethereum [E-mode: syrupUSDT Stablecoins],GHO,4.5,4.5,0.003,morpho-blue ROXCUSDC vault,morpho-blue,Vault,8.391,not re-posted (single borrow),,0.5,1,1.365,3650.0,1.342,134.16,Hold WBTC,0.0,1.342,0.353,0.0,0.612,0.06,2.137,2.137,53% price,0.1288,0.235,0.747,0.006,0.082,1,1.73,1.068,2.74,-1.845
CBBTC,Ethereum,sparklend,DAI,4.436,4.436,0.001,morpho-blue FCUSDT vault,morpho-blue,Vault,8.187,not re-posted (single borrow),,0.4,1,1.324,3240.0,1.136,113.64,Hold CBBTC,0.0,1.136,0.353,0.0,0.488,-0.132,2.593,2.593,61% price,0.0567,0.092,0.686,0.006,0.079,1,1.81,1.037,2.93,-2.337
WBTC,Ethereum,morpho-blue WBTC/RLUSD (86.0% LTV),RLUSD,2.372,2.372,0.0,Stake USDT -> SYRUPUSDT (maple),maple,Lending,4.957,not re-posted (single borrow),,0.4,1,1.344,3440.0,0.809,80.86,Hold WBTC,0.0,0.809,0.351,0.0,0.121,-1.469,2.5,2.5,60% price,0.0669,0.101,0.338,0.019,0.081,1,1.86,1.0,2.112,-2.323
CBBTC,Ethereum,Aave v3 Ethereum,USDT,4.368,4.368,0.001,morpho-blue ROXCUSDC vault,morpho-blue,Vault,8.391,not re-posted (single borrow),,0.4,1,1.292,2920.0,1.098,109.82,Hold CBBTC,0.0,1.098,0.348,0.0,0.514,0.073,2.671,2.671,63% price,0.0494,0.108,0.638,0.004,0.078,1,1.73,1.068,2.834,-3.383
CBBTC,Ethereum,Aave v3 Ethereum [E-mode: syrupUSDT Stablecoins],USDT,4.368,4.368,0.001,morpho-blue ROXCUSDC vault,morpho-blue,Vault,8.391,not re-posted (single borrow),,0.4,1,1.292,2920.0,1.098,109.82,Hold CBBTC,0.0,1.098,0.348,0.0,0.514,0.073,2.671,2.671,63% price,0.0494,0.108,0.638,0.004,0.078,1,1.73,1.068,2.834,-3.383
WBTC,Ethereum,Aave v3 Ethereum,USDT,4.368,4.368,0.003,morpho-blue FCUSDT vault,morpho-blue,Vault,8.187,not re-posted (single borrow),,0.5,1,1.365,3650.0,1.337,133.73,Hold WBTC,0.0,1.337,0.347,0.0,0.607,-0.092,2.137,2.137,53% price,0.1288,0.235,0.747,0.008,0.06,1,1.73,1.068,2.731,-1.859
WBTC,Ethereum,Aave v3 Ethereum [E-mode: syrupUSDT Stablecoins],USDT,4.368,4.368,0.003,morpho-blue FCUSDT vault,morpho-blue,Vault,8.187,not re-posted (single borrow),,0.5,1,1.365,3650.0,1.337,133.73,Hold WBTC,0.0,1.337,0.347,0.0,0.607,-0.092,2.137,2.137,53% price,0.1288,0.235,0.747,0.008,0.06,1,1.73,1.068,2.731,-1.859
WBTC,Ethereum,sparklend,RLUSD,3.901,3.901,0.0,sentora-curator USDC vault (Sentora USD),sentora-curator,Risk Curators,7.439,not re-posted (single borrow),,0.4,1,1.308,3080.0,1.011,101.1,Hold WBTC,0.0,1.011,0.343,0.0,0.395,-0.768,2.597,2.597,62% price,0.0563,0.087,0.57,0.012,0.078,1,1.77,1.039,2.618,-2.195
CBBTC,Ethereum,morpho-blue CBBTC/RLUSD (86.0% LTV),RLUSD,3.899,3.899,0.0,sentora-curator USDC vault (Sentora USD),sentora-curator,Risk Curators,7.439,not re-posted (single borrow),,0.4,1,1.344,3440.0,1.137,113.71,Hold CBBTC,0.0,1.137,0.341,0.0,0.449,-3.594,2.5,2.5,60% price,0.0669,0.101,0.613,0.083,0.081,1,1.86,1.0,2.933,-2.587
WBTC,Ethereum,Aave v3 Ethereum,USDC,4.598,4.598,0.003,morpho-blue ROXCUSDC vault,morpho-blue,Vault,8.391,not re-posted (single borrow),,0.5,1,1.365,3650.0,1.328,132.77,Hold WBTC,0.0,1.328,0.339,0.0,0.598,0.046,2.137,2.137,53% price,0.1288,0.235,0.747,0.006,0.06,1,1.73,1.068,2.712,-1.873
WBTC,Ethereum,sparklend,USDT,3.97,3.97,0.0,sentora-curator USDC vault (Sentora USD),sentora-curator,Risk Curators,7.439,not re-posted (single borrow),,0.4,1,1.308,3080.0,0.99,99.0,Hold WBTC,0.0,0.99,0.327,0.0,0.374,-0.324,2.597,2.597,62% price,0.0563,0.087,0.57,0.006,0.078,1,1.77,1.039,2.565,-2.214
WBTC,Ethereum,sparklend,USDC,4.369,4.369,0.0,morpho-blue FCUSDT vault,morpho-blue,Vault,8.187,not re-posted (single borrow),,0.4,1,1.308,3080.0,1.098,109.75,Hold WBTC,0.0,1.098,0.324,0.0,0.482,-1.494,2.597,2.597,62% price,0.0563,0.087,0.662,0.025,0.078,1,1.77,1.039,2.834,-2.292
WBTC,Ethereum,sparklend,DAI,4.436,4.436,0.0,morpho-blue FCUSDT vault,morpho-blue,Vault,8.187,not re-posted (single borrow),,0.4,1,1.308,3080.0,1.077,107.67,Hold WBTC,0.0,1.077,0.323,0.0,0.461,-0.129,2.597,2.597,62% price,0.0563,0.087,0.662,0.005,0.078,1,1.77,1.039,2.782,-2.222
CBBTC,Monad,Aave v3 Monad,AUSD,3.02,3.02,0.0,morpho-blue HYPERUSDCA vault,morpho-blue,Vault,6.92,not re-posted (single borrow),,0.4,1,1.292,2920.0,1.119,111.93,Hold CBBTC,0.0,1.119,0.315,0.0,0.535,-0.6,2.671,2.671,63% price,0.0494,0.101,0.692,0.011,0.02,1,1.73,1.068,2.801,-2.968
CBBTC,Ethereum,Aave v3 Ethereum,GHO,4.5,4.5,0.001,morpho-blue ROXCUSDC vault,morpho-blue,Vault,8.391,not re-posted (single borrow),,0.4,1,1.292,2920.0,1.06,105.96,Hold CBBTC,0.0,1.06,0.309,0.0,0.476,0.034,2.671,2.671,63% price,0.0494,0.108,0.638,0.004,0.078,1,1.73,1.068,2.737,-3.48
CBBTC,Ethereum,Aave v3 Ethereum [E-mode: syrupUSDT Stablecoins],GHO,4.5,4.5,0.001,morpho-blue ROXCUSDC vault,morpho-blue,Vault,8.391,not re-posted (single borrow),,0.4,1,1.292,2920.0,1.06,105.96,Hold CBBTC,0.0,1.06,0.309,0.0,0.476,0.034,2.671,2.671,63% price,0.0494,0.108,0.638,0.004,0.078,1,1.73,1.068,2.737,-3.48
CBBTC,Ethereum,Aave v3 Ethereum,USDT,4.368,4.368,0.001,morpho-blue FCUSDT vault,morpho-blue,Vault,8.187,not re-posted (single borrow),,0.4,1,1.292,2920.0,1.056,105.62,Hold CBBTC,0.0,1.056,0.305,0.0,0.472,-0.087,2.671,2.671,63% price,0.0494,0.108,0.638,0.005,0.06,1,1.73,1.068,2.729,-3.494
CBBTC,Ethereum,Aave v3 Ethereum [E-mode: syrupUSDT Stablecoins],USDT,4.368,4.368,0.001,morpho-blue FCUSDT vault,morpho-blue,Vault,8.187,not re-posted (single borrow),,0.4,1,1.292,2920.0,1.056,105.62,Hold CBBTC,0.0,1.056,0.305,0.0,0.472,-0.087,2.671,2.671,63% price,0.0494,0.108,0.638,0.005,0.06,1,1.73,1.068,2.729,-3.494
CBBTC,Ethereum,Aave v3 Ethereum,USDC,4.598,4.598,0.001,morpho-blue ROXCUSDC vault,morpho-blue,Vault,8.391,not re-posted (single borrow),,0.4,1,1.292,2920.0,1.048,104.85,Hold CBBTC,0.0,1.048,0.298,0.0,0.464,0.023,2.671,2.671,63% price,0.0494,0.108,0.638,0.004,0.06,1,1.73,1.068,2.71,-3.508
WBTC,Ethereum,Aave v3 Ethereum,GHO,4.5,4.5,0.003,morpho-blue FCUSDT vault,morpho-blue,Vault,8.187,not re-posted (single borrow),,0.4,1,1.292,2920.0,1.002,100.24,Hold WBTC,0.0,1.002,0.287,0.0,0.418,-0.141,2.671,2.671,63% price,0.0494,0.072,0.638,0.005,0.078,1,1.73,1.068,2.591,-1.999
WBTC,Ethereum,Aave v3 Ethereum [E-mode: syrupUSDT Stablecoins],GHO,4.5,4.5,0.003,morpho-blue FCUSDT vault,morpho-blue,Vault,8.187,not re-posted (single borrow),,0.4,1,1.292,2920.0,1.002,100.24,Hold WBTC,0.0,1.002,0.287,0.0,0.418,-0.141,2.671,2.671,63% price,0.0494,0.072,0.638,0.005,0.078,1,1.73,1.068,2.591,-1.999
CBBTC,Ethereum,sparklend,PYUSD,4.282,4.282,0.001,sentora-curator USDC vault (Sentora USD),sentora-curator,Risk Curators,7.439,not re-posted (single borrow),,0.4,1,1.324,3240.0,0.944,94.39,Hold CBBTC,0.0,0.944,0.261,0.0,0.296,0.144,2.593,2.593,61% price,0.0567,0.092,0.589,0.002,0.079,1,1.81,1.037,2.449,-2.553
WBTC,Ethereum,Aave v3 Ethereum,USDC,4.598,4.598,0.003,morpho-blue FCUSDT vault,morpho-blue,Vault,8.187,not re-posted (single borrow),,0.4,1,1.292,2920.0,0.974,97.38,Hold WBTC,0.0,0.974,0.259,0.0,0.39,-0.169,2.671,2.671,63% price,0.0494,0.072,0.638,0.005,0.078,1,1.73,1.068,2.519,-2.071
WBTC,Ethereum,Compound v3 USDT market,USDT,3.984,3.984,0.0,sentora-curator USDC vault (Sentora USD),sentora-curator,Risk Curators,7.439,not re-posted (single borrow),,0.4,1,1.32,3200.0,1.026,102.63,Hold WBTC,0.0,1.026,0.255,0.0,0.386,-0.315,2.656,2.656,62% price,0.0507,0.081,0.684,0.007,0.079,1,1.8,1.062,2.656,-2.26
CBBTC,Ethereum,Compound v3 USDT market,USDT,3.984,3.984,0.0,sentora-curator USDC vault (Sentora USD),sentora-curator,Risk Curators,7.439,not re-posted (single borrow),,0.4,1,1.32,3200.0,1.026,102.63,Hold CBBTC,0.0,1.026,0.255,0.0,0.386,-0.315,2.656,2.656,62% price,0.0507,0.081,0.684,0.007,0.079,1,1.8,1.062,2.656,-2.26
CBBTC,Ethereum,Aave v3 Ethereum,GHO,4.5,4.5,0.001,morpho-blue FCUSDT vault,morpho-blue,Vault,8.187,not re-posted (single borrow),,0.4,1,1.292,2920.0,1.0,100.0,Hold CBBTC,0.0,1.0,0.249,0.0,0.416,-0.143,2.671,2.671,63% price,0.0494,0.108,0.638,0.005,0.078,1,1.73,1.068,2.589,-3.634
CBBTC,Ethereum,Aave v3 Ethereum [E-mode: syrupUSDT Stablecoins],GHO,4.5,4.5,0.001,morpho-blue FCUSDT vault,morpho-blue,Vault,8.187,not re-posted (single borrow),,0.4,1,1.292,2920.0,1.0,100.0,Hold CBBTC,0.0,1.0,0.249,0.0,0.416,-0.143,2.671,2.671,63% price,0.0494,0.108,0.638,0.005,0.078,1,1.73,1.068,2.589,-3.634
CBBTC,Ethereum,sparklend,USDS,4.319,4.319,0.001,sentora-curator USDC vault (Sentora USD),sentora-curator,Risk Curators,7.439,not re-posted (single borrow),,0.4,1,1.324,3240.0,0.932,93.2,Hold CBBTC,0.0,0.932,0.249,0.0,0.284,0.133,2.593,2.593,61% price,0.0567,0.092,0.589,0.002,0.079,1,1.81,1.037,2.419,-2.583
WBTC,Ethereum,Aave v3 Ethereum [E-mode: ETH correlated],WETH,1.966,1.966,0.003,Stake WETH -> WEETH (ether.fi-stake),ether.fi-stake,Liquid Staking,2.323,same account,1.966,1.0,8,5.593,45929.33,1.144,114.44,Hold WBTC,0.0,1.144,0.249,0.0,-8.041,-4.522,1.12,1.029,"71% price, 12.6% depeg",0.0025,0.057,0.72,0.119,0.5,28,10.062,1.036,1.917,-19.318
WBTC,Ethereum,Aave v3 Ethereum [E-mode: weETH/wstETH ETH Correlated],WETH,1.966,1.966,0.003,Stake WETH -> WEETH (ether.fi-stake),ether.fi-stake,Liquid Staking,2.323,same account,1.966,1.0,8,5.593,45929.33,1.144,114.44,Hold WBTC,0.0,1.144,0.249,0.0,-8.041,-4.522,1.12,1.029,"71% price, 12.6% depeg",0.0025,0.057,0.72,0.119,0.5,28,10.062,1.036,1.917,-19.318
WBTC,Ethereum,morpho-blue WBTC/RLUSD (86.0% LTV),RLUSD,2.372,2.372,0.0,Lend USDC on compound-v3,compound-v3,Lending,4.536,not re-posted (single borrow),,0.4,1,1.344,3440.0,0.664,66.39,Hold WBTC,0.0,0.664,0.241,0.0,-0.024,-1.613,2.5,2.5,60% price,0.0669,0.101,0.303,0.019,0.081,1,1.86,1.0,1.75,-2.598
WBTC,Ethereum,sparklend,PYUSD,4.282,4.282,0.0,sentora-curator USDC vault (Sentora USD),sentora-curator,Risk Curators,7.439,not re-posted (single borrow),,0.4,1,1.308,3080.0,0.894,89.37,Hold WBTC,0.0,0.894,0.235,0.0,0.278,0.134,2.597,2.597,62% price,0.0563,0.087,0.57,0.002,0.078,1,1.77,1.039,2.324,-2.429
CBBTC,Ethereum,sparklend,USDC,4.369,4.369,0.001,sentora-curator USDC vault (Sentora USD),sentora-curator,Risk Curators,7.439,not re-posted (single borrow),,0.4,1,1.324,3240.0,0.935,93.53,Hold CBBTC,0.0,0.935,0.227,0.0,0.287,-1.791,2.593,2.593,61% price,0.0567,0.092,0.589,0.027,0.06,1,1.81,1.037,2.427,-2.732
WBTC,Ethereum,morpho-blue WBTC/RLUSD (86.0% LTV),RLUSD,2.372,2.372,0.0,maple USDG vault (syrupUSDG),maple,Vault,4.995,not re-posted (single borrow),,0.4,1,1.344,3440.0,0.822,82.17,Hold WBTC,0.0,0.822,0.226,0.0,0.134,-1.456,2.5,2.5,60% price,0.0669,0.101,0.475,0.019,0.081,1,1.86,1.0,2.144,-2.634
WBTC,Ethereum,sparklend,USDS,4.319,4.319,0.0,sentora-curator USDC vault (Sentora USD),sentora-curator,Risk Curators,7.439,not re-posted (single borrow),,0.4,1,1.308,3080.0,0.882,88.24,Hold WBTC,0.0,0.882,0.224,0.0,0.266,0.122,2.597,2.597,62% price,0.0563,0.087,0.57,0.002,0.078,1,1.77,1.039,2.296,-2.457
CBBTC,Ethereum,Aave v3 Ethereum,USDC,4.598,4.598,0.001,morpho-blue FCUSDT vault,morpho-blue,Vault,8.187,not re-posted (single borrow),,0.4,1,1.292,2920.0,0.971,97.14,Hold CBBTC,0.0,0.971,0.22,0.0,0.387,-0.172,2.671,2.671,63% price,0.0494,0.108,0.638,0.005,0.078,1,1.73,1.068,2.517,-3.706
CBBTC,Ethereum,Aave v3 Ethereum [E-mode: ETH correlated],WETH,1.966,1.966,0.001,Stake WETH -> WEETH (ether.fi-stake),ether.fi-stake,Liquid Staking,2.323,same account,1.966,1.0,8,5.593,45929.33,1.142,114.21,Hold CBBTC,0.0,1.142,0.218,0.0,-8.044,-4.524,1.12,1.029,"71% price, 12.6% depeg",0.0025,0.086,0.72,0.119,0.5,28,10.062,1.036,1.915,-29.348
CBBTC,Ethereum,Aave v3 Ethereum [E-mode: weETH/wstETH ETH Correlated],WETH,1.966,1.966,0.001,Stake WETH -> WEETH (ether.fi-stake),ether.fi-stake,Liquid Staking,2.323,same account,1.966,1.0,8,5.593,45929.33,1.142,114.21,Hold CBBTC,0.0,1.142,0.218,0.0,-8.044,-4.524,1.12,1.029,"71% price, 12.6% depeg",0.0025,0.086,0.72,0.119,0.5,28,10.062,1.036,1.915,-29.348
CBBTC,Ethereum,sparklend,DAI,4.436,4.436,0.001,sentora-curator USDC vault (Sentora USD),sentora-curator,Risk Curators,7.439,not re-posted (single borrow),,0.4,1,1.324,3240.0,0.894,89.4,Hold CBBTC,0.0,0.894,0.211,0.0,0.246,0.095,2.593,2.593,61% price,0.0567,0.092,0.589,0.002,0.079,1,1.81,1.037,2.324,-2.678
WBTC,Ethereum,Compound v3 WETH market,WETH,1.9,1.9,0.0,Stake WETH -> CBETH (coinbase-wrapped-staked-eth),coinbase-wrapped-staked-eth,Liquid Staking,2.351,same account,1.9,1.0,10,6.211,52105.72,1.759,175.94,Hold WBTC,0.0,1.759,0.209,0.0,-8.662,-5.721,1.113,1.057,"69% price, 11.9% depeg",0.004,0.104,1.24,0.207,0.591,23,8.291,1.067,2.204,-2.99
CBBTC,Ethereum,Compound v3 WETH market,WETH,1.9,1.9,0.0,Stake WETH -> CBETH (coinbase-wrapped-staked-eth),coinbase-wrapped-staked-eth,Liquid Staking,2.351,same account,1.9,1.0,10,6.211,52105.72,1.759,175.94,Hold CBBTC,0.0,1.759,0.209,0.0,-8.662,-5.721,1.113,1.057,"69% price, 11.9% depeg",0.004,0.104,1.24,0.207,0.591,23,8.291,1.067,2.204,-2.99
WBTC,Ethereum,morpho-blue WBTC/USDT (86.0% LTV),USDT,3.172,3.172,0.0,Lend USDC on dolomite,dolomite,Lending,5.297,not re-posted (single borrow),,0.4,1,1.344,3440.0,0.65,65.04,Hold WBTC,0.0,0.65,0.206,0.0,-0.038,-0.667,2.5,2.5,60% price,0.0669,0.101,0.338,0.006,0.081,1,1.86,1.0,1.716,-2.638
WBTC,Ethereum,sparklend,USDC,4.369,4.369,0.0,sentora-curator USDC vault (Sentora USD),sentora-curator,Risk Curators,7.439,not re-posted (single borrow),,0.4,1,1.308,3080.0,0.886,88.55,Hold WBTC,0.0,0.886,0.204,0.0,0.27,-1.706,2.597,2.597,62% price,0.0563,0.087,0.57,0.025,0.06,1,1.77,1.039,2.304,-2.591
CBBTC,Ethereum,sparklend,RLUSD,3.901,3.901,0.001,morpho-blue STEAKCUSDC vault,morpho-blue,Vault,7.199,not re-posted (single borrow),,0.4,1,1.324,3240.0,0.99,98.99,Hold CBBTC,0.0,0.99,0.199,0.0,0.342,-0.881,2.593,2.593,61% price,0.0567,0.092,0.686,0.013,0.079,1,1.81,1.037,2.564,-2.747
WBTC,Ethereum,Aave v3 Ethereum,USDT,4.368,4.368,0.003,sentora-curator USDC vault (Sentora USD),sentora-curator,Risk Curators,7.439,not re-posted (single borrow),,0.4,1,1.292,2920.0,0.823,82.25,Hold WBTC,0.0,0.823,0.198,0.0,0.239,0.102,2.671,2.671,63% price,0.0494,0.072,0.55,0.002,0.078,1,1.73,1.068,2.141,-2.212
WBTC,Ethereum,Aave v3 Ethereum [E-mode: syrupUSDT Stablecoins],USDT,4.368,4.368,0.003,sentora-curator USDC vault (Sentora USD),sentora-curator,Risk Curators,7.439,not re-posted (single borrow),,0.4,1,1.292,2920.0,0.823,82.25,Hold WBTC,0.0,0.823,0.198,0.0,0.239,0.102,2.671,2.671,63% price,0.0494,0.072,0.55,0.002,0.078,1,1.73,1.068,2.141,-2.212
WBTC,Ethereum,morpho-blue WBTC/USDT (86.0% LTV),USDT,3.172,3.172,0.0,Lend USD1 on dolomite,dolomite,Lending,5.264,not re-posted (single borrow),,0.4,1,1.344,3440.0,0.639,63.9,Hold WBTC,0.0,0.639,0.194,0.0,-0.049,-0.678,2.5,2.5,60% price,0.0669,0.101,0.338,0.006,0.081,1,1.86,1.0,1.688,-2.667
WBTC,Ethereum,sparklend,DAI,4.436,4.436,0.0,sentora-curator USDC vault (Sentora USD),sentora-curator,Risk Curators,7.439,not re-posted (single borrow),,0.4,1,1.308,3080.0,0.846,84.62,Hold WBTC,0.0,0.846,0.188,0.0,0.23,0.086,2.597,2.597,62% price,0.0563,0.087,0.57,0.002,0.078,1,1.77,1.039,2.206,-2.547
CBBTC,Ethereum,sparklend,USDT,3.97,3.97,0.001,morpho-blue STEAKCUSDC vault,morpho-blue,Vault,7.199,not re-posted (single borrow),,0.4,1,1.324,3240.0,0.968,96.77,Hold CBBTC,0.0,0.968,0.183,0.0,0.32,-0.415,2.593,2.593,61% price,0.0567,0.092,0.686,0.007,0.079,1,1.81,1.037,2.508,-2.766
WBTC,Ethereum,morpho-blue WBTC/RLUSD (86.0% LTV),RLUSD,2.372,2.372,0.0,Stake USDE -> SUSDE (ethena-usde),ethena-usde,Basis Trading,4.928,not re-posted (single borrow),,0.4,1,1.344,3440.0,0.764,76.44,Hold WBTC,0.0,0.764,0.18,0.0,0.076,-3.79,2.5,2.5,60% price,0.0669,0.101,0.406,0.077,0.115,1,1.86,1.0,2.001,-2.965
WBTC,Ethereum,sparklend,RLUSD,3.901,3.901,0.0,morpho-blue STEAKCUSDC vault,morpho-blue,Vault,7.199,not re-posted (single borrow),,0.4,1,1.308,3080.0,0.937,93.74,Hold WBTC,0.0,0.937,0.177,0.0,0.321,-0.841,2.597,2.597,62% price,0.0563,0.087,0.662,0.012,0.078,1,1.77,1.039,2.433,-2.61
CBBTC,Ethereum,sparklend,RLUSD,3.901,3.901,0.001,morpho-blue PENDLEUSDC vault,morpho-blue,Vault,6.63,not re-posted (single borrow),,0.4,1,1.324,3240.0,0.805,80.53,Hold CBBTC,0.0,0.805,0.176,0.0,0.157,-1.066,2.593,2.593,61% price,0.0567,0.092,0.524,0.013,0.079,1,1.81,1.037,2.102,-2.804
CBBTC,Ethereum,sparklend,RLUSD,3.901,3.901,0.001,morpho-blue SENPYUSDPST vault,morpho-blue,Vault,6.602,not re-posted (single borrow),,0.4,1,1.324,3240.0,0.796,79.63,Hold CBBTC,0.0,0.796,0.167,0.0,0.148,-1.075,2.593,2.593,61% price,0.0567,0.092,0.524,0.013,0.079,1,1.81,1.037,2.08,-2.826
WBTC,Ethereum,morpho-blue WBTC/USDT (86.0% LTV),USDT,3.172,3.172,0.0,Stake USDC -> SYRUPUSDC (maple),maple,Lending,5.085,not re-posted (single borrow),,0.4,1,1.344,3440.0,0.577,57.75,Hold WBTC,0.0,0.577,0.167,0.0,-0.111,-0.739,2.5,2.5,60% price,0.0669,0.101,0.303,0.006,0.081,1,1.86,1.0,1.534,-2.735
WBTC,Ethereum,sparklend,USDT,3.97,3.97,0.0,morpho-blue STEAKCUSDC vault,morpho-blue,Vault,7.199,not re-posted (single borrow),,0.4,1,1.308,3080.0,0.916,91.63,Hold WBTC,0.0,0.916,0.161,0.0,0.3,-0.398,2.597,2.597,62% price,0.0563,0.087,0.662,0.006,0.078,1,1.77,1.039,2.381,-2.63
CBBTC,Ethereum,sparklend,USDT,3.97,3.97,0.001,morpho-blue PENDLEUSDC vault,morpho-blue,Vault,6.63,not re-posted (single borrow),,0.4,1,1.324,3240.0,0.783,78.32,Hold CBBTC,0.0,0.783,0.16,0.0,0.135,-0.599,2.593,2.593,61% price,0.0567,0.092,0.524,0.007,0.079,1,1.81,1.037,2.047,-2.822
CBBTC,Ethereum,Aave v3 Ethereum,USDT,4.368,4.368,0.001,sentora-curator USDC vault (Sentora USD),sentora-curator,Risk Curators,7.439,not re-posted (single borrow),,0.4,1,1.292,2920.0,0.82,82.01,Hold CBBTC,0.0,0.82,0.16,0.0,0.236,0.1,2.671,2.671,63% price,0.0494,0.108,0.55,0.002,0.078,1,1.73,1.068,2.139,-3.847
CBBTC,Ethereum,Aave v3 Ethereum [E-mode: syrupUSDT Stablecoins],USDT,4.368,4.368,0.001,sentora-curator USDC vault (Sentora USD),sentora-curator,Risk Curators,7.439,not re-posted (single borrow),,0.4,1,1.292,2920.0,0.82,82.01,Hold CBBTC,0.0,0.82,0.16,0.0,0.236,0.1,2.671,2.671,63% price,0.0494,0.108,0.55,0.002,0.078,1,1.73,1.068,2.139,-3.847
WBTC,Ethereum,Aave v3 Ethereum,GHO,4.5,4.5,0.003,sentora-curator USDC vault (Sentora USD),sentora-curator,Risk Curators,7.439,not re-posted (single borrow),,0.4,1,1.292,2920.0,0.784,78.39,Hold WBTC,0.0,0.784,0.159,0.0,0.2,-0.073,2.671,2.671,63% price,0.0494,0.072,0.55,0.003,0.078,1,1.73,1.068,2.045,-2.313
WBTC,Ethereum,Aave v3 Ethereum [E-mode: syrupUSDT Stablecoins],GHO,4.5,4.5,0.003,sentora-curator USDC vault (Sentora USD),sentora-curator,Risk Curators,7.439,not re-posted (single borrow),,0.4,1,1.292,2920.0,0.784,78.39,Hold WBTC,0.0,0.784,0.159,0.0,0.2,-0.073,2.671,2.671,63% price,0.0494,0.072,0.55,0.003,0.078,1,1.73,1.068,2.045,-2.313
WBTC,Ethereum,dolomite,USD1,4.774,4.774,0.031,morpho-blue ROXCUSDC vault,morpho-blue,Vault,8.391,not re-posted (single borrow),,0.4,1,1.333,3333.33,1.157,115.71,Hold WBTC,0.0,1.157,0.157,0.0,0.49,-0.013,2.59,2.59,61% price,0.057,0.095,0.9,0.005,0.08,1,1.833,1.036,2.936,-2.678
WBTC,Ethereum,sparklend,RLUSD,3.901,3.901,0.0,morpho-blue PENDLEUSDC vault,morpho-blue,Vault,6.63,not re-posted (single borrow),,0.4,1,1.308,3080.0,0.762,76.19,Hold WBTC,0.0,0.762,0.156,0.0,0.146,-1.017,2.597,2.597,62% price,0.0563,0.087,0.508,0.012,0.078,1,1.77,1.039,1.995,-2.664
WBTC,Ethereum,Aave v3 Ethereum,DAI,5.148,5.148,0.003,morpho-blue ROXCUSDC vault,morpho-blue,Vault,8.391,not re-posted (single borrow),,0.4,1,1.292,2920.0,0.873,87.27,Hold WBTC,0.0,0.873,0.153,0.0,0.289,-0.713,2.671,2.671,63% price,0.0494,0.072,0.638,0.009,0.078,1,1.73,1.068,2.267,-2.352
CBBTC,Ethereum,morpho-blue CBBTC/USDC (86.0% LTV),USDC,4.736,4.736,0.0,sentora-curator USDC vault (Sentora USD),sentora-curator,Risk Curators,7.439,not re-posted (single borrow),,0.4,1,1.344,3440.0,0.87,86.98,Hold CBBTC,0.0,0.87,0.153,0.0,0.182,-0.096,2.5,2.5,60% price,0.0669,0.101,0.613,0.003,0.06,1,1.86,1.0,2.264,-2.759
CBBTC,Ethereum,sparklend,USDT,3.97,3.97,0.001,morpho-blue SENPYUSDPST vault,morpho-blue,Vault,6.602,not re-posted (single borrow),,0.4,1,1.324,3240.0,0.774,77.41,Hold CBBTC,0.0,0.774,0.151,0.0,0.126,-0.608,2.593,2.593,61% price,0.0567,0.092,0.524,0.007,0.079,1,1.81,1.037,2.024,-2.845
WBTC,Ethereum,Aave v3 Ethereum,USDC,4.598,4.598,0.003,sentora-curator USDC vault (Sentora USD),sentora-curator,Risk Curators,7.439,not re-posted (single borrow),,0.4,1,1.292,2920.0,0.773,77.28,Hold WBTC,0.0,0.773,0.148,0.0,0.189,0.052,2.671,2.671,63% price,0.0494,0.072,0.55,0.002,0.06,1,1.73,1.068,2.017,-2.336
WBTC,Ethereum,sparklend,RLUSD,3.901,3.901,0.0,morpho-blue SENPYUSDPST vault,morpho-blue,Vault,6.602,not re-posted (single borrow),,0.4,1,1.308,3080.0,0.753,75.34,Hold WBTC,0.0,0.753,0.147,0.0,0.137,-1.025,2.597,2.597,62% price,0.0563,0.087,0.508,0.012,0.078,1,1.77,1.039,1.973,-2.685
CBBTC,Ethereum,dolomite,USD1,4.774,4.774,0.052,morpho-blue ROXCUSDC vault,morpho-blue,Vault,8.391,not re-posted (single borrow),,0.4,1,1.312,3120.0,1.101,110.15,Hold CBBTC,0.0,1.101,0.141,0.0,0.477,0.006,2.596,2.596,61% price,0.0564,0.088,0.868,0.004,0.079,1,1.78,1.038,2.766,-2.497
WBTC,Ethereum,sparklend,USDT,3.97,3.97,0.0,morpho-blue PENDLEUSDC vault,morpho-blue,Vault,6.63,not re-posted (single borrow),,0.4,1,1.308,3080.0,0.741,74.09,Hold WBTC,0.0,0.741,0.14,0.0,0.125,-0.573,2.597,2.597,62% price,0.0563,0.087,0.508,0.006,0.078,1,1.77,1.039,1.942,-2.683
WBTC,Ethereum,sparklend,USDT,3.97,3.97,0.0,morpho-blue SENPYUSDPST vault,morpho-blue,Vault,6.602,not re-posted (single borrow),,0.4,1,1.308,3080.0,0.732,73.23,Hold WBTC,0.0,0.732,0.131,0.0,0.116,-0.582,2.597,2.597,62% price,0.0563,0.087,0.508,0.006,0.078,1,1.77,1.039,1.921,-2.705
WBTC,Ethereum,morpho-blue WBTC/USDT (86.0% LTV),USDT,3.172,3.172,0.0,Stake USDS -> STUSDS (sky-lending),sky-lending,CDP,5.07,not re-posted (single borrow),,0.4,1,1.344,3440.0,0.572,57.24,Hold WBTC,0.0,0.572,0.131,0.0,-0.116,-0.306,2.5,2.5,60% price,0.0669,0.101,0.338,0.003,0.081,1,1.86,1.0,1.521,-2.811
CBBTC,Ethereum,Aave v3 Ethereum,GHO,4.5,4.5,0.001,sentora-curator USDC vault (Sentora USD),sentora-curator,Risk Curators,7.439,not re-posted (single borrow),,0.4,1,1.292,2920.0,0.782,78.15,Hold CBBTC,0.0,0.782,0.12,0.0,0.198,-0.075,2.671,2.671,63% price,0.0494,0.108,0.55,0.003,0.078,1,1.73,1.068,2.042,-3.948
CBBTC,Ethereum,Aave v3 Ethereum [E-mode: syrupUSDT Stablecoins],GHO,4.5,4.5,0.001,sentora-curator USDC vault (Sentora USD),sentora-curator,Risk Curators,7.439,not re-posted (single borrow),,0.4,1,1.292,2920.0,0.782,78.15,Hold CBBTC,0.0,0.782,0.12,0.0,0.198,-0.075,2.671,2.671,63% price,0.0494,0.108,0.55,0.003,0.078,1,1.73,1.068,2.042,-3.948
CBBTC,Ethereum,morpho-blue CBBTC/USDT (86.0% LTV),USDT,3.324,3.324,0.0,Lend USDC on dolomite,dolomite,Lending,5.297,not re-posted (single borrow),,0.4,1,1.344,3440.0,0.598,59.8,Hold CBBTC,0.0,0.598,0.12,0.0,-0.09,-2.693,2.5,2.5,60% price,0.0669,0.101,0.338,0.04,0.081,1,1.86,1.0,1.585,-2.979
CBBTC,Ethereum,Aave v3 Ethereum,DAI,5.148,5.148,0.001,morpho-blue ROXCUSDC vault,morpho-blue,Vault,8.391,not re-posted (single borrow),,0.4,1,1.292,2920.0,0.87,87.03,Hold CBBTC,0.0,0.87,0.115,0.0,0.286,-0.716,2.671,2.671,63% price,0.0494,0.108,0.638,0.009,0.078,1,1.73,1.068,2.264,-3.987
CBBTC,Ethereum,Aave v3 Ethereum,USDC,4.598,4.598,0.001,sentora-curator USDC vault (Sentora USD),sentora-curator,Risk Curators,7.439,not re-posted (single borrow),,0.4,1,1.292,2920.0,0.77,77.04,Hold CBBTC,0.0,0.77,0.11,0.0,0.186,0.05,2.671,2.671,63% price,0.0494,0.108,0.55,0.002,0.06,1,1.73,1.068,2.015,-3.971
WBTC,Ethereum,morpho-blue WBTC/USDT (86.0% LTV),USDT,3.172,3.172,0.0,Stake USDT -> SYRUPUSDT (maple),maple,Lending,4.957,not re-posted (single borrow),,0.4,1,1.344,3440.0,0.554,55.41,Hold WBTC,0.0,0.554,0.109,0.0,-0.134,-0.763,2.5,2.5,60% price,0.0669,0.101,0.338,0.006,0.06,1,1.86,1.0,1.475,-2.879
CBBTC,Ethereum,morpho-blue CBBTC/USDT (86.0% LTV),USDT,3.324,3.324,0.0,Lend USD1 on dolomite,dolomite,Lending,5.264,not re-posted (single borrow),,0.4,1,1.344,3440.0,0.587,58.66,Hold CBBTC,0.0,0.587,0.108,0.0,-0.101,-2.704,2.5,2.5,60% price,0.0669,0.101,0.338,0.04,0.081,1,1.86,1.0,1.557,-3.008
WBTC,Ethereum,morpho-blue WBTC/USDT (86.0% LTV),USDT,3.223,3.223,0.0,Lend USDC on dolomite,dolomite,Lending,5.297,not re-posted (single borrow),,0.4,1,1.344,3440.0,0.633,63.27,Hold WBTC,0.0,0.633,0.098,0.0,-0.055,-4.472,2.5,2.5,60% price,0.0669,0.101,0.338,0.096,0.081,1,1.86,1.0,1.672,-3.245
WBTC,Ethereum,Aave v3 Ethereum,DAI,5.148,5.148,0.003,morpho-blue FCUSDT vault,morpho-blue,Vault,8.187,not re-posted (single borrow),,0.4,1,1.292,2920.0,0.813,81.31,Hold WBTC,0.0,0.813,0.094,0.0,0.229,-0.773,2.671,2.671,63% price,0.0494,0.072,0.638,0.009,0.078,1,1.73,1.068,2.118,-2.501
WBTC,Ethereum,dolomite,USD1,4.774,4.774,0.031,morpho-blue FCUSDT vault,morpho-blue,Vault,8.187,not re-posted (single borrow),,0.4,1,1.333,3333.33,1.089,108.92,Hold WBTC,0.0,1.089,0.088,0.0,0.423,-0.216,2.59,2.59,61% price,0.057,0.095,0.9,0.006,0.08,1,1.833,1.036,2.766,-2.855
WBTC,Ethereum,morpho-blue WBTC/USDT (86.0% LTV),USDT,3.223,3.223,0.0,Lend USD1 on dolomite,dolomite,Lending,5.264,not re-posted (single borrow),,0.4,1,1.344,3440.0,0.621,62.13,Hold WBTC,0.0,0.621,0.087,0.0,-0.067,-4.484,2.5,2.5,60% price,0.0669,0.101,0.338,0.096,0.081,1,1.86,1.0,1.643,-3.273
CBBTC,Ethereum,sparklend,PYUSD,4.282,4.282,0.001,morpho-blue STEAKCUSDC vault,morpho-blue,Vault,7.199,not re-posted (single borrow),,0.4,1,1.324,3240.0,0.866,86.64,Hold CBBTC,0.0,0.866,0.085,0.0,0.218,-0.079,2.593,2.593,61% price,0.0567,0.092,0.686,0.003,0.079,1,1.81,1.037,2.255,-2.996
WBTC,Ethereum,Compound v3 USDT market,USDT,3.984,3.984,0.0,morpho-blue STEAKCUSDC vault,morpho-blue,Vault,7.199,not re-posted (single borrow),,0.4,1,1.32,3200.0,0.95,94.98,Hold WBTC,0.0,0.95,0.082,0.0,0.31,-0.391,2.656,2.656,62% price,0.0507,0.081,0.78,0.007,0.079,1,1.8,1.062,2.465,-2.691
CBBTC,Ethereum,Compound v3 USDT market,USDT,3.984,3.984,0.0,morpho-blue STEAKCUSDC vault,morpho-blue,Vault,7.199,not re-posted (single borrow),,0.4,1,1.32,3200.0,0.95,94.98,Hold CBBTC,0.0,0.95,0.082,0.0,0.31,-0.391,2.656,2.656,62% price,0.0507,0.081,0.78,0.007,0.079,1,1.8,1.062,2.465,-2.691
CBBTC,Ethereum,morpho-blue CBBTC/USDT (86.0% LTV),USDT,3.324,3.324,0.0,Stake USDC -> SYRUPUSDC (maple),maple,Lending,5.085,not re-posted (single borrow),,0.4,1,1.344,3440.0,0.525,52.5,Hold CBBTC,0.0,0.525,0.081,0.0,-0.163,-2.766,2.5,2.5,60% price,0.0669,0.101,0.303,0.04,0.081,1,1.86,1.0,1.403,-3.076
CBBTC,Ethereum,dolomite,USD1,4.774,4.774,0.052,morpho-blue FCUSDT vault,morpho-blue,Vault,8.187,not re-posted (single borrow),,0.4,1,1.312,3120.0,1.038,103.79,Hold CBBTC,0.0,1.038,0.076,0.0,0.414,-0.184,2.596,2.596,61% price,0.0564,0.088,0.868,0.006,0.079,1,1.78,1.038,2.607,-2.663
CBBTC,Ethereum,sparklend,PYUSD,4.282,4.282,0.001,morpho-blue SENPYUSDPST vault,morpho-blue,Vault,6.602,not re-posted (single borrow),,0.4,1,1.324,3240.0,0.692,69.23,Hold CBBTC,0.0,0.692,0.074,0.0,0.044,-0.107,2.593,2.593,61% price,0.0567,0.092,0.524,0.002,0.06,1,1.81,1.037,1.82,-3.02
WBTC,Ethereum,morpho-blue WBTC/USDT (86.0% LTV),USDT,3.223,3.223,0.0,Stake USDS -> STUSDS (sky-lending),sky-lending,CDP,5.07,not re-posted (single borrow),,0.4,1,1.344,3440.0,0.555,55.47,Hold WBTC,0.0,0.555,0.073,0.0,-0.133,-2.849,2.5,2.5,60% price,0.0669,0.101,0.338,0.043,0.081,1,1.86,1.0,1.477,-3.105
CBBTC,Ethereum,sparklend,USDS,4.319,4.319,0.001,morpho-blue STEAKCUSDC vault,morpho-blue,Vault,7.199,not re-posted (single borrow),,0.4,1,1.324,3240.0,0.855,85.45,Hold CBBTC,0.0,0.855,0.073,0.0,0.207,-0.091,2.593,2.593,61% price,0.0567,0.092,0.686,0.003,0.079,1,1.81,1.037,2.225,-3.026
WBTC,Ethereum,sparklend,PYUSD,4.282,4.282,0.0,morpho-blue STEAKCUSDC vault,morpho-blue,Vault,7.199,not re-posted (single borrow),,0.4,1,1.308,3080.0,0.82,82.0,Hold WBTC,0.0,0.82,0.068,0.0,0.204,-0.079,2.597,2.597,62% price,0.0563,0.087,0.662,0.003,0.078,1,1.77,1.039,2.14,-2.849
CBBTC,Ethereum,morpho-blue CBBTC/USDT (86.0% LTV),USDT,3.324,3.324,0.0,Stake USDS -> STUSDS (sky-lending),sky-lending,CDP,5.07,not re-posted (single borrow),,0.4,1,1.344,3440.0,0.52,52.0,Hold CBBTC,0.0,0.52,0.064,0.0,-0.168,-1.674,2.5,2.5,60% price,0.0669,0.101,0.338,0.018,0.081,1,1.86,1.0,1.39,-3.036
CBBTC,Ethereum,sparklend,PYUSD,4.282,4.282,0.001,morpho-blue PENDLEUSDC vault,morpho-blue,Vault,6.63,not re-posted (single borrow),,0.4,1,1.324,3240.0,0.682,68.19,Hold CBBTC,0.0,0.682,0.064,0.0,0.034,-0.118,2.593,2.593,61% price,0.0567,0.092,0.524,0.002,0.079,1,1.81,1.037,1.794,-3.046
WBTC,Ethereum,Compound v3 USDT market,USDT,3.984,3.984,0.0,morpho-blue PENDLEUSDC vault,morpho-blue,Vault,6.63,not re-posted (single borrow),,0.4,1,1.32,3200.0,0.768,76.76,Hold WBTC,0.0,0.768,0.06,0.0,0.128,-0.573,2.656,2.656,62% price,0.0507,0.081,0.62,0.007,0.079,1,1.8,1.062,2.009,-2.747
CBBTC,Ethereum,Compound v3 USDT market,USDT,3.984,3.984,0.0,morpho-blue PENDLEUSDC vault,morpho-blue,Vault,6.63,not re-posted (single borrow),,0.4,1,1.32,3200.0,0.768,76.76,Hold CBBTC,0.0,0.768,0.06,0.0,0.128,-0.573,2.656,2.656,62% price,0.0507,0.081,0.62,0.007,0.079,1,1.8,1.062,2.009,-2.747
WBTC,Ethereum,morpho-blue WBTC/USDT (86.0% LTV),USDT,3.223,3.223,0.0,Stake USDC -> SYRUPUSDC (maple),maple,Lending,5.085,not re-posted (single borrow),,0.4,1,1.344,3440.0,0.56,55.97,Hold WBTC,0.0,0.56,0.059,0.0,-0.128,-4.545,2.5,2.5,60% price,0.0669,0.101,0.303,0.096,0.081,1,1.86,1.0,1.489,-3.341
WBTC,Ethereum,sparklend,PYUSD,4.282,4.282,0.0,morpho-blue SENPYUSDPST vault,morpho-blue,Vault,6.602,not re-posted (single borrow),,0.4,1,1.308,3080.0,0.654,65.45,Hold WBTC,0.0,0.654,0.058,0.0,0.038,-0.105,2.597,2.597,62% price,0.0563,0.087,0.508,0.002,0.06,1,1.77,1.039,1.726,-2.873
WBTC,Ethereum,sparklend,USDS,4.319,4.319,0.0,morpho-blue STEAKCUSDC vault,morpho-blue,Vault,7.199,not re-posted (single borrow),,0.4,1,1.308,3080.0,0.809,80.87,Hold WBTC,0.0,0.809,0.057,0.0,0.193,-0.09,2.597,2.597,62% price,0.0563,0.087,0.662,0.003,0.078,1,1.77,1.039,2.112,-2.877
WBTC,Ethereum,Aave v3 Ethereum [E-mode: ETH correlated],WETH,1.966,1.966,0.003,Stake WETH -> CBETH (coinbase-wrapped-staked-eth),coinbase-wrapped-staked-eth,Liquid Staking,2.351,same account,1.966,1.0,8,5.593,45929.33,1.273,127.26,Hold WBTC,0.0,1.273,0.057,0.0,-7.913,-4.393,1.12,1.029,"71% price, 12.6% depeg",0.0025,0.057,1.04,0.119,0.5,29,10.157,1.035,2.172,-20.33
CBBTC,Ethereum,Aave v3 Ethereum,DAI,5.148,5.148,0.001,morpho-blue FCUSDT vault,morpho-blue,Vault,8.187,not re-posted (single borrow),,0.4,1,1.292,2920.0,0.811,81.08,Hold CBBTC,0.0,0.811,0.055,0.0,0.227,-0.775,2.671,2.671,63% price,0.0494,0.108,0.638,0.009,0.078,1,1.73,1.068,2.115,-4.136
WBTC,Ethereum,morpho-blue WBTC/RLUSD (86.0% LTV),RLUSD,2.372,2.372,0.0,Lend USDC on aave-v3,aave-v3,Lending,3.895,not re-posted (single borrow),,0.4,1,1.344,3440.0,0.443,44.34,Hold WBTC,0.0,0.443,0.055,0.0,-0.245,-1.834,2.5,2.5,60% price,0.0669,0.101,0.269,0.019,0.081,1,1.86,1.0,1.198,-3.064
CBBTC,Ethereum,sparklend,USDC,4.369,4.369,0.001,morpho-blue STEAKCUSDC vault,morpho-blue,Vault,7.199,not re-posted (single borrow),,0.4,1,1.324,3240.0,0.858,85.78,Hold CBBTC,0.0,0.858,0.052,0.0,0.21,-1.868,2.593,2.593,61% price,0.0567,0.092,0.686,0.027,0.06,1,1.81,1.037,2.234,-3.168
CBBTC,Ethereum,sparklend,USDS,4.319,4.319,0.001,morpho-blue PENDLEUSDC vault,morpho-blue,Vault,6.63,not re-posted (single borrow),,0.4,1,1.324,3240.0,0.67,67.0,Hold CBBTC,0.0,0.67,0.052,0.0,0.022,-0.129,2.593,2.593,61% price,0.0567,0.092,0.524,0.002,0.079,1,1.81,1.037,1.764,-3.076
WBTC,Ethereum,Compound v3 USDT market,USDT,3.984,3.984,0.0,morpho-blue SENPYUSDPST vault,morpho-blue,Vault,6.602,not re-posted (single borrow),,0.4,1,1.32,3200.0,0.759,75.86,Hold WBTC,0.0,0.759,0.051,0.0,0.119,-0.582,2.656,2.656,62% price,0.0507,0.081,0.62,0.007,0.079,1,1.8,1.062,1.987,-2.769
CBBTC,Ethereum,Compound v3 USDT market,USDT,3.984,3.984,0.0,morpho-blue SENPYUSDPST vault,morpho-blue,Vault,6.602,not re-posted (single borrow),,0.4,1,1.32,3200.0,0.759,75.86,Hold CBBTC,0.0,0.759,0.051,0.0,0.119,-0.582,2.656,2.656,62% price,0.0507,0.081,0.62,0.007,0.079,1,1.8,1.062,1.987,-2.769
WBTC,Ethereum,morpho-blue WBTC/RLUSD (86.0% LTV),RLUSD,2.372,2.372,0.0,fluid-lending GHO vault,fluid-lending,Vault,5.18,not re-posted (single borrow),,0.4,1,1.344,3440.0,0.885,88.54,Hold WBTC,0.0,0.885,0.049,0.0,0.197,-1.392,2.5,2.5,60% price,0.0669,0.101,0.716,0.019,0.081,1,1.86,1.0,2.303,-3.077
WBTC,Ethereum,sparklend,PYUSD,4.282,4.282,0.0,morpho-blue PENDLEUSDC vault,morpho-blue,Vault,6.63,not re-posted (single borrow),,0.4,1,1.308,3080.0,0.645,64.46,Hold WBTC,0.0,0.645,0.048,0.0,0.029,-0.115,2.597,2.597,62% price,0.0563,0.087,0.508,0.002,0.078,1,1.77,1.039,1.701,-2.897
CBBTC,Ethereum,sparklend,USDS,4.319,4.319,0.001,morpho-blue SENPYUSDPST vault,morpho-blue,Vault,6.602,not re-posted (single borrow),,0.4,1,1.324,3240.0,0.661,66.1,Hold CBBTC,0.0,0.661,0.043,0.0,0.013,-0.138,2.593,2.593,61% price,0.0567,0.092,0.524,0.002,0.079,1,1.81,1.037,1.741,-3.098
WBTC,Ethereum,morpho-blue WBTC/USDT (86.0% LTV),USDT,3.172,3.172,0.0,Stake USDT -> SYRUPUSDT (maple),maple,Lending,4.957,Aave v3 Ethereum (USDT 4.37%),4.368,0.4,1,1.344,3440.0,0.554,55.41,Hold WBTC,0.0,0.554,0.04,0.0,-0.134,-0.763,2.5,2.5,60% price,0.0669,0.101,0.406,0.006,0.06,1,1.86,1.0,1.475,-3.051
WBTC,Ethereum,morpho-blue WBTC/USDT (86.0% LTV),USDT,3.172,3.172,0.0,Stake USDT -> SYRUPUSDT (maple),maple,Lending,4.957,Aave v3 Ethereum [E-mode: syrupUSDT Stablecoins] (USDT 4.37%),4.368,0.4,1,1.344,3440.0,0.554,55.41,Hold WBTC,0.0,0.554,0.04,0.0,-0.134,-0.763,2.5,2.5,60% price,0.0669,0.101,0.406,0.006,0.06,27,9.1,1.0,4.959,-13.496
WBTC,Ethereum,Aave v3 Ethereum,USDT,4.368,4.368,0.003,morpho-blue STEAKCUSDC vault,morpho-blue,Vault,7.199,not re-posted (single borrow),,0.4,1,1.292,2920.0,0.753,75.27,Hold WBTC,0.0,0.753,0.04,0.0,0.169,-0.1,2.671,2.671,63% price,0.0494,0.072,0.638,0.003,0.078,1,1.73,1.068,1.967,-2.61
WBTC,Ethereum,Aave v3 Ethereum [E-mode: syrupUSDT Stablecoins],USDT,4.368,4.368,0.003,morpho-blue STEAKCUSDC vault,morpho-blue,Vault,7.199,not re-posted (single borrow),,0.4,1,1.292,2920.0,0.753,75.27,Hold WBTC,0.0,0.753,0.04,0.0,0.169,-0.1,2.671,2.671,63% price,0.0494,0.072,0.638,0.003,0.078,1,1.73,1.068,1.967,-2.61
WBTC,Ethereum,Aave v3 Ethereum,USDS,5.532,5.532,0.003,morpho-blue ROXCUSDC vault,morpho-blue,Vault,8.391,not re-posted (single borrow),,0.4,1,1.292,2920.0,0.761,76.07,Hold WBTC,0.0,0.761,0.039,0.0,0.177,-1.003,2.671,2.671,63% price,0.0494,0.072,0.638,0.012,0.078,1,1.73,1.068,1.987,-2.646
WBTC,Ethereum,sparklend,USDC,4.369,4.369,0.0,morpho-blue STEAKCUSDC vault,morpho-blue,Vault,7.199,not re-posted (single borrow),,0.4,1,1.308,3080.0,0.812,81.19,Hold WBTC,0.0,0.812,0.038,0.0,0.196,-1.78,2.597,2.597,62% price,0.0563,0.087,0.662,0.025,0.06,1,1.77,1.039,2.12,-3.006
CBBTC,Ethereum,sparklend,RLUSD,3.901,3.901,0.001,morpho-blue ROXUSDCY vault,morpho-blue,Vault,6.702,not re-posted (single borrow),,0.4,1,1.324,3240.0,0.829,82.86,Hold CBBTC,0.0,0.829,0.038,0.0,0.181,-1.043,2.593,2.593,61% price,0.0567,0.092,0.686,0.013,0.079,1,1.81,1.037,2.16,-3.151
WBTC,Ethereum,sparklend,USDS,4.319,4.319,0.0,morpho-blue PENDLEUSDC vault,morpho-blue,Vault,6.63,not re-posted (single borrow),,0.4,1,1.308,3080.0,0.633,63.33,Hold WBTC,0.0,0.633,0.037,0.0,0.017,-0.127,2.597,2.597,62% price,0.0563,0.087,0.508,0.002,0.078,1,1.77,1.039,1.673,-2.925
CBBTC,Ethereum,sparklend,DAI,4.436,4.436,0.001,morpho-blue STEAKCUSDC vault,morpho-blue,Vault,7.199,not re-posted (single borrow),,0.4,1,1.324,3240.0,0.817,81.65,Hold CBBTC,0.0,0.817,0.035,0.0,0.169,-0.129,2.593,2.593,61% price,0.0567,0.092,0.686,0.003,0.079,1,1.81,1.037,2.13,-3.121
CBBTC,Ethereum,sparklend,USDC,4.369,4.369,0.001,morpho-blue PENDLEUSDC vault,morpho-blue,Vault,6.63,not re-posted (single borrow),,0.4,1,1.324,3240.0,0.673,67.33,Hold CBBTC,0.0,0.673,0.03,0.0,0.025,-2.053,2.593,2.593,61% price,0.0567,0.092,0.524,0.027,0.06,1,1.81,1.037,1.772,-3.225
WBTC,Ethereum,sparklend,USDS,4.319,4.319,0.0,morpho-blue SENPYUSDPST vault,morpho-blue,Vault,6.602,not re-posted (single borrow),,0.4,1,1.308,3080.0,0.625,62.47,Hold WBTC,0.0,0.625,0.028,0.0,0.009,-0.135,2.597,2.597,62% price,0.0563,0.087,0.508,0.002,0.078,1,1.77,1.039,1.652,-2.947
CBBTC,Monad,Aave v3 Monad,MUSD,4.019,4.019,0.0,morpho-blue HYPERUSDCA vault,morpho-blue,Vault,6.92,not re-posted (single borrow),,0.4,1,1.292,2920.0,0.828,82.77,Hold CBBTC,0.0,0.828,0.026,0.0,0.244,-0.664,2.671,2.671,63% price,0.0494,0.101,0.692,0.008,0.02,1,1.73,1.068,2.072,-3.681
CBBTC,Ethereum,Aave v3 Ethereum [E-mode: ETH correlated],WETH,1.966,1.966,0.001,Stake WETH -> CBETH (coinbase-wrapped-staked-eth),coinbase-wrapped-staked-eth,Liquid Staking,2.351,same account,1.966,1.0,8,5.593,45929.33,1.27,127.03,Hold CBBTC,0.0,1.27,0.026,0.0,-7.916,-4.396,1.12,1.029,"71% price, 12.6% depeg",0.0025,0.086,1.04,0.119,0.5,29,10.157,1.035,2.17,-30.827
WBTC,Ethereum,sparklend,RLUSD,3.901,3.901,0.0,morpho-blue ROXUSDCY vault,morpho-blue,Vault,6.702,not re-posted (single borrow),,0.4,1,1.308,3080.0,0.784,78.41,Hold WBTC,0.0,0.784,0.024,0.0,0.168,-0.995,2.597,2.597,62% price,0.0563,0.087,0.662,0.012,0.078,1,1.77,1.039,2.05,-2.993
CBBTC,Ethereum,morpho-blue CBBTC/USDT (86.0% LTV),USDT,3.324,3.324,0.0,Stake USDT -> SYRUPUSDT (maple),maple,Lending,4.957,not re-posted (single borrow),,0.4,1,1.344,3440.0,0.502,50.17,Hold CBBTC,0.0,0.502,0.023,0.0,-0.186,-2.789,2.5,2.5,60% price,0.0669,0.101,0.338,0.04,0.06,1,1.86,1.0,1.344,-3.22
CBBTC,Ethereum,sparklend,USDT,3.97,3.97,0.001,morpho-blue ROXUSDCY vault,morpho-blue,Vault,6.702,not re-posted (single borrow),,0.4,1,1.324,3240.0,0.806,80.65,Hold CBBTC,0.0,0.806,0.021,0.0,0.158,-0.576,2.593,2.593,61% price,0.0567,0.092,0.686,0.007,0.079,1,1.81,1.037,2.105,-3.169
WBTC,Ethereum,sparklend,DAI,4.436,4.436,0.0,morpho-blue STEAKCUSDC vault,morpho-blue,Vault,7.199,not re-posted (single borrow),,0.4,1,1.308,3080.0,0.773,77.26,Hold WBTC,0.0,0.773,0.021,0.0,0.157,-0.126,2.597,2.597,62% price,0.0563,0.087,0.662,0.003,0.078,1,1.77,1.039,2.021,-2.968
WBTC,Ethereum,Aave v3 Ethereum,USDT,4.368,4.368,0.003,morpho-blue PENDLEUSDC vault,morpho-blue,Vault,6.63,not re-posted (single borrow),,0.4,1,1.292,2920.0,0.586,58.64,Hold WBTC,0.0,0.586,0.02,0.0,0.002,-0.134,2.671,2.671,63% price,0.0494,0.072,0.492,0.002,0.078,1,1.73,1.068,1.551,-2.656
WBTC,Ethereum,Aave v3 Ethereum [E-mode: syrupUSDT Stablecoins],USDT,4.368,4.368,0.003,morpho-blue PENDLEUSDC vault,morpho-blue,Vault,6.63,not re-posted (single borrow),,0.4,1,1.292,2920.0,0.586,58.64,Hold WBTC,0.0,0.586,0.02,0.0,0.002,-0.134,2.671,2.671,63% price,0.0494,0.072,0.492,0.002,0.078,1,1.73,1.068,1.551,-2.656
WBTC,Ethereum,sparklend,USDC,4.369,4.369,0.0,morpho-blue PENDLEUSDC vault,morpho-blue,Vault,6.63,not re-posted (single borrow),,0.4,1,1.308,3080.0,0.636,63.64,Hold WBTC,0.0,0.636,0.017,0.0,0.02,-1.955,2.597,2.597,62% price,0.0563,0.087,0.508,0.025,0.06,1,1.77,1.039,1.681,-3.059
WBTC,Ethereum,morpho-blue WBTC/RLUSD (86.0% LTV),RLUSD,2.372,2.372,0.0,morpho-blue ROXCUSDC vault,morpho-blue,Vault,8.391,not re-posted (single borrow),,0.5,1,1.43,4300.0,2.502,250.24,Hold WBTC,0.0,2.502,0.015,0.0,1.642,-0.344,2.0,2.0,50% price,0.1657,0.312,2.145,0.03,0.086,1,1.86,1.0,5.065,-1.615
WBTC,Ethereum,dolomite,USDC,5.261,5.261,0.031,morpho-blue ROXCUSDC vault,morpho-blue,Vault,8.391,not re-posted (single borrow),,0.4,1,1.333,3333.33,1.015,101.47,Hold WBTC,0.0,1.015,0.015,0.0,0.348,-0.156,2.59,2.59,61% price,0.057,0.095,0.9,0.005,0.06,1,1.833,1.036,2.579,-3.034
CBBTC,Ethereum,sparklend,DAI,4.436,4.436,0.001,morpho-blue PENDLEUSDC vault,morpho-blue,Vault,6.63,not re-posted (single borrow),,0.4,1,1.324,3240.0,0.632,63.2,Hold CBBTC,0.0,0.632,0.014,0.0,-0.016,-0.167,2.593,2.593,61% price,0.0567,0.092,0.524,0.002,0.079,1,1.81,1.037,1.669,-3.171
WBTC,Ethereum,Compound v3 WETH market,WETH,1.9,1.9,0.0,Stake WETH -> WSTETH (lido),lido,Liquid Staking,2.252,same account,1.9,1.0,10,6.211,52105.72,1.243,124.31,Hold WBTC,0.0,1.243,0.013,0.0,-9.178,-6.238,1.113,1.057,"69% price, 11.9% depeg",0.004,0.104,0.92,0.207,0.591,20,8.027,1.071,1.492,-2.431
CBBTC,Ethereum,Compound v3 WETH market,WETH,1.9,1.9,0.0,Stake WETH -> WSTETH (lido),lido,Liquid Staking,2.252,same account,1.9,1.0,10,6.211,52105.72,1.243,124.31,Hold CBBTC,0.0,1.243,0.013,0.0,-9.178,-6.238,1.113,1.057,"69% price, 11.9% depeg",0.004,0.104,0.92,0.207,0.591,20,8.027,1.071,1.492,-2.431
WBTC,Ethereum,Aave v3 Ethereum,USDT,4.368,4.368,0.003,morpho-blue SENPYUSDPST vault,morpho-blue,Vault,6.602,not re-posted (single borrow),,0.4,1,1.292,2920.0,0.578,57.82,Hold WBTC,0.0,0.578,0.012,0.0,-0.006,-0.142,2.671,2.671,63% price,0.0494,0.072,0.492,0.002,0.078,1,1.73,1.068,1.531,-2.677
WBTC,Ethereum,Aave v3 Ethereum [E-mode: syrupUSDT Stablecoins],USDT,4.368,4.368,0.003,morpho-blue SENPYUSDPST vault,morpho-blue,Vault,6.602,not re-posted (single borrow),,0.4,1,1.292,2920.0,0.578,57.82,Hold WBTC,0.0,0.578,0.012,0.0,-0.006,-0.142,2.671,2.671,63% price,0.0494,0.072,0.492,0.002,0.078,1,1.73,1.068,1.531,-2.677
WBTC,Ethereum,morpho-blue WBTC/USDT (86.0% LTV),USDT,3.223,3.223,0.0,Stake USDT -> SYRUPUSDT (maple),maple,Lending,4.957,not re-posted (single borrow),,0.3,1,1.258,2580.0,0.387,38.72,Hold WBTC,0.0,0.387,0.012,0.0,-0.129,-3.441,3.333,3.333,70% price,0.016,0.018,0.303,0.054,0.06,1,1.86,1.0,1.431,-3.486
CBBTC,Ethereum,sparklend,RLUSD,3.901,3.901,0.001,morpho-blue CS3JANECO vault,morpho-blue,Vault,6.611,not re-posted (single borrow),,0.4,1,1.324,3240.0,0.799,79.93,Hold CBBTC,0.0,0.799,0.008,0.0,0.151,-1.072,2.593,2.593,61% price,0.0567,0.092,0.686,0.013,0.079,1,1.81,1.037,2.087,-3.224
WBTC,Ethereum,sparklend,USDT,3.97,3.97,0.0,morpho-blue ROXUSDCY vault,morpho-blue,Vault,6.702,not re-posted (single borrow),,0.4,1,1.308,3080.0,0.763,76.3,Hold WBTC,0.0,0.763,0.008,0.0,0.147,-0.551,2.597,2.597,62% price,0.0563,0.087,0.662,0.006,0.078,1,1.77,1.039,1.998,-3.013
CBBTC,Ethereum,dolomite,USDC,5.261,5.261,0.052,morpho-blue ROXCUSDC vault,morpho-blue,Vault,8.391,not re-posted (single borrow),,0.4,1,1.312,3120.0,0.968,96.82,Hold CBBTC,0.0,0.968,0.008,0.0,0.344,-0.127,2.596,2.596,61% price,0.0564,0.088,0.868,0.004,0.06,1,1.78,1.038,2.433,-2.83
CBBTC,Ethereum,sparklend,DAI,4.436,4.436,0.001,morpho-blue SENPYUSDPST vault,morpho-blue,Vault,6.602,not re-posted (single borrow),,0.4,1,1.324,3240.0,0.623,62.3,Hold CBBTC,0.0,0.623,0.005,0.0,-0.025,-0.176,2.593,2.593,61% price,0.0567,0.092,0.524,0.002,0.079,1,1.81,1.037,1.646,-3.194
CBBTC,Ethereum,sparklend,USDC,4.369,4.369,0.001,morpho-blue SENPYUSDPST vault,morpho-blue,Vault,6.602,not re-posted (single borrow),,0.4,1,1.324,3240.0,0.645,64.48,Hold CBBTC,0.0,0.645,0.001,0.0,-0.003,-2.081,2.593,2.593,61% price,0.0567,0.092,0.524,0.027,0.079,1,1.81,1.037,1.701,-3.296
CBBTC,Ethereum,Aave v3 Ethereum,USDT,4.368,4.368,0.001,morpho-blue STEAKCUSDC vault,morpho-blue,Vault,7.199,not re-posted (single borrow),,0.4,1,1.292,2920.0,0.75,75.03,Hold CBBTC,0.0,0.75,0.001,0.0,0.166,-0.102,2.671,2.671,63% price,0.0494,0.108,0.638,0.003,0.078,1,1.73,1.068,1.964,-4.245
CBBTC,Ethereum,Aave v3 Ethereum [E-mode: syrupUSDT Stablecoins],USDT,4.368,4.368,0.001,morpho-blue STEAKCUSDC vault,morpho-blue,Vault,7.199,not re-posted (single borrow),,0.4,1,1.292,2920.0,0.75,75.03,Hold CBBTC,0.0,0.75,0.001,0.0,0.166,-0.102,2.671,2.671,63% price,0.0494,0.108,0.638,0.003,0.078,1,1.73,1.068,1.964,-4.245
WBTC,Ethereum,Aave v3 Ethereum,GHO,4.5,4.5,0.003,morpho-blue STEAKCUSDC vault,morpho-blue,Vault,7.199,not re-posted (single borrow),,0.4,1,1.292,2920.0,0.714,71.41,Hold WBTC,0.0,0.714,0.001,0.0,0.13,-0.142,2.671,2.671,63% price,0.0494,0.072,0.638,0.003,0.078,1,1.73,1.068,1.87,-2.707
WBTC,Ethereum,Aave v3 Ethereum [E-mode: syrupUSDT Stablecoins],GHO,4.5,4.5,0.003,morpho-blue STEAKCUSDC vault,morpho-blue,Vault,7.199,not re-posted (single borrow),,0.4,1,1.292,2920.0,0.714,71.41,Hold WBTC,0.0,0.714,0.001,0.0,0.13,-0.142,2.671,2.671,63% price,0.0494,0.072,0.638,0.003,0.078,1,1.73,1.068,1.87,-2.707
CBBTC,Ethereum,Aave v3 Ethereum,USDS,5.532,5.532,0.001,morpho-blue ROXCUSDC vault,morpho-blue,Vault,8.391,not re-posted (single borrow),,0.3,1,1.219,2190.0,0.554,55.4,Hold CBBTC,0.0,0.554,0.001,0.0,0.116,-0.769,3.562,3.562,72% price,0.0111,0.018,0.528,0.006,0.073,1,1.73,1.068,1.984,-4.28
WBTC,Ethereum,sparklend,DAI,4.436,4.436,0.0,morpho-blue PENDLEUSDC vault,morpho-blue,Vault,6.63,not re-posted (single borrow),,0.4,1,1.308,3080.0,0.597,59.72,Hold WBTC,0.0,0.597,0.0,0.0,-0.019,-0.163,2.597,2.597,62% price,0.0563,0.087,0.508,0.002,0.078,1,1.77,1.039,1.583,-3.016
